detector,job,level,hidden,cap,hands,auroc,auroc_lo,auroc_hi,tpr,tpr_lo,tpr_hi,trials,fpr_heldout
D1,imitate,0.05,128,100,30,0.5378,0.5176,0.558,0.067,0.0531,0.0842,1000,0.0503
D1,imitate,0.1,128,100,30,0.6495,0.6295,0.6695,0.14,0.1199,0.1629,1000,0.0503
D1,imitate,0.2,128,100,30,0.9839,0.9784,0.9894,0.928,0.9103,0.9424,1000,0.0503
D1,mix,0.05,128,100,30,0.5982,0.5779,0.6185,0.107,0.0893,0.1277,1000,0.0503
D1,mix,0.1,128,100,30,0.6967,0.6772,0.7162,0.177,0.1546,0.2019,1000,0.0503
D1,mix,0.2,128,100,30,0.8148,0.7979,0.8316,0.389,0.3593,0.4196,1000,0.0503
D1,anti,,128,100,30,1.0,0.9998,1.0,1.0,0.9962,1.0,1000,0.0503
D2,imitate,0.05,128,100,30,0.5028,0.4775,0.5281,0.039,0.0287,0.0529,1000,0.0473
D2,imitate,0.1,128,100,30,0.5185,0.4932,0.5437,0.078,0.0629,0.0963,1000,0.0473
D2,imitate,0.2,128,100,30,0.4979,0.4726,0.5232,0.02,0.013,0.0307,1000,0.0473
D2,mix,0.05,128,100,30,0.6425,0.6185,0.6666,0.143,0.1227,0.1661,1000,0.0473
D2,mix,0.1,128,100,30,0.703,0.6803,0.7257,0.287,0.2598,0.3158,1000,0.0473
D2,mix,0.2,128,100,30,0.9097,0.8964,0.923,0.51,0.479,0.5409,1000,0.0473
D2,anti,,128,100,30,0.9937,0.9903,0.9972,0.976,0.9645,0.9838,1000,0.0473
D1,imitate,0.05,128,100,100,0.5637,0.5434,0.584,0.085,0.0693,0.1039,1000,0.0532
D1,imitate,0.1,128,100,100,0.778,0.7601,0.7959,0.309,0.2811,0.3383,1000,0.0532
D1,imitate,0.2,128,100,100,1.0,0.9998,1.0,1.0,0.9962,1.0,1000,0.0532
D1,mix,0.05,128,100,100,0.6626,0.6427,0.6825,0.142,0.1217,0.165,1000,0.0532
D1,mix,0.1,128,100,100,0.8182,0.8015,0.8349,0.36,0.3308,0.3902,1000,0.0532
D1,mix,0.2,128,100,100,0.9589,0.9502,0.9676,0.816,0.7908,0.8388,1000,0.0532
D1,anti,,128,100,100,1.0,1.0,1.0,1.0,0.9962,1.0,1000,0.0532
D2,imitate,0.05,128,100,100,0.5044,0.4791,0.5297,0.021,0.0138,0.0319,1000,0.0508
D2,imitate,0.1,128,100,100,0.4875,0.4622,0.5128,0.098,0.0811,0.118,1000,0.0508
D2,imitate,0.2,128,100,100,0.4853,0.46,0.5106,0.03,0.0211,0.0425,1000,0.0508
D2,mix,0.05,128,100,100,0.7208,0.6986,0.743,0.188,0.165,0.2134,1000,0.0508
D2,mix,0.1,128,100,100,0.8258,0.8076,0.8441,0.553,0.522,0.5836,1000,0.0508
D2,mix,0.2,128,100,100,0.9823,0.9765,0.9882,0.916,0.8972,0.9316,1000,0.0508
D2,anti,,128,100,100,1.0,1.0,1.0,1.0,0.9962,1.0,1000,0.0508
D1,imitate,0.05,128,100,300,0.6692,0.6493,0.689,0.21,0.1859,0.2363,1000,0.0498
D1,imitate,0.1,128,100,300,0.9473,0.9375,0.9571,0.787,0.7605,0.8113,1000,0.0498
D1,imitate,0.2,128,100,300,1.0,1.0,1.0,1.0,0.9962,1.0,1000,0.0498
D1,mix,0.05,128,100,300,0.7855,0.7678,0.8032,0.33,0.3016,0.3597,1000,0.0498
D1,mix,0.1,128,100,300,0.9629,0.9546,0.9712,0.83,0.8055,0.852,1000,0.0498
D1,mix,0.2,128,100,300,0.9997,0.999,1.0,0.998,0.9927,0.9995,1000,0.0498
D1,anti,,128,100,300,1.0,1.0,1.0,1.0,0.9962,1.0,1000,0.0498
D2,imitate,0.05,128,100,300,0.4884,0.4631,0.5137,0.009,0.0047,0.017,1000,0.0493
D2,imitate,0.1,128,100,300,0.4802,0.4549,0.5055,0.138,0.118,0.1608,1000,0.0493
D2,imitate,0.2,128,100,300,0.4976,0.4723,0.5229,0.032,0.0228,0.0448,1000,0.0493
D2,mix,0.05,128,100,300,0.8605,0.8441,0.877,0.248,0.2222,0.2757,1000,0.0493
D2,mix,0.1,128,100,300,0.9413,0.9306,0.952,0.887,0.8659,0.9052,1000,0.0493
D2,mix,0.2,128,100,300,1.0,0.9997,1.0,1.0,0.9962,1.0,1000,0.0493
D2,anti,,128,100,300,1.0,1.0,1.0,1.0,0.9962,1.0,1000,0.0493
D1,imitate,0.05,128,100,1000,0.8738,0.8593,0.8883,0.541,0.51,0.5717,1000,0.053
D1,imitate,0.1,128,100,1000,1.0,0.9997,1.0,1.0,0.9962,1.0,1000,0.053
D1,imitate,0.2,128,100,1000,1.0,1.0,1.0,1.0,0.9962,1.0,1000,0.053
D1,mix,0.05,128,100,1000,0.9622,0.9538,0.9706,0.828,0.8034,0.8501,1000,0.053
D1,mix,0.1,128,100,1000,1.0,0.9999,1.0,1.0,0.9962,1.0,1000,0.053
D1,mix,0.2,128,100,1000,1.0,1.0,1.0,1.0,0.9962,1.0,1000,0.053
D1,anti,,128,100,1000,1.0,1.0,1.0,1.0,0.9962,1.0,1000,0.053
D2,imitate,0.05,128,100,1000,0.5037,0.4784,0.529,0.001,0.0002,0.0056,1000,0.05
D2,imitate,0.1,128,100,1000,0.4883,0.463,0.5136,0.175,0.1527,0.1998,1000,0.05
D2,imitate,0.2,128,100,1000,0.4567,0.4315,0.4819,0.006,0.0028,0.013,1000,0.05
D2,mix,0.05,128,100,1000,0.9868,0.9817,0.9918,0.395,0.3652,0.4256,1000,0.05
D2,mix,0.1,128,100,1000,0.9908,0.9866,0.995,1.0,0.9962,1.0,1000,0.05
D2,mix,0.2,128,100,1000,1.0,1.0,1.0,1.0,0.9962,1.0,1000,0.05
D2,anti,,128,100,1000,1.0,1.0,1.0,1.0,0.9962,1.0,1000,0.05
D1,imitate,0.05,128,100,3000,0.991,0.9868,0.9951,0.952,0.9369,0.9636,1000,0.0508
D1,imitate,0.1,128,100,3000,1.0,1.0,1.0,1.0,0.9962,1.0,1000,0.0508
D1,imitate,0.2,128,100,3000,1.0,1.0,1.0,1.0,0.9962,1.0,1000,0.0508
D1,mix,0.05,128,100,3000,1.0,0.9997,1.0,1.0,0.9962,1.0,1000,0.0508
D1,mix,0.1,128,100,3000,1.0,1.0,1.0,1.0,0.9962,1.0,1000,0.0508
D1,mix,0.2,128,100,3000,1.0,1.0,1.0,1.0,0.9962,1.0,1000,0.0508
D1,anti,,128,100,3000,1.0,1.0,1.0,1.0,0.9962,1.0,1000,0.0508
D2,imitate,0.05,128,100,3000,0.4998,0.4744,0.5251,0.0,0.0,0.0038,1000,0.0503
D2,imitate,0.1,128,100,3000,0.4875,0.4622,0.5128,0.198,0.1745,0.2238,1000,0.0503
D2,imitate,0.2,128,100,3000,0.4835,0.4582,0.5088,0.0,0.0,0.0038,1000,0.0503
D2,mix,0.05,128,100,3000,0.9998,0.9992,1.0,0.422,0.3917,0.4529,1000,0.0503
D2,mix,0.1,128,100,3000,1.0,0.9996,1.0,1.0,0.9962,1.0,1000,0.0503
D2,mix,0.2,128,100,3000,1.0,1.0,1.0,1.0,0.9962,1.0,1000,0.0503
D2,anti,,128,100,3000,1.0,1.0,1.0,1.0,0.9962,1.0,1000,0.0503
D1,imitate,0.05,128,100,10000,1.0,1.0,1.0,1.0,0.9962,1.0,1000,0.0585
D1,imitate,0.1,128,100,10000,1.0,1.0,1.0,1.0,0.9962,1.0,1000,0.0585
D1,imitate,0.2,128,100,10000,1.0,1.0,1.0,1.0,0.9962,1.0,1000,0.0585
D1,mix,0.05,128,100,10000,1.0,1.0,1.0,1.0,0.9962,1.0,1000,0.0585
D1,mix,0.1,128,100,10000,1.0,1.0,1.0,1.0,0.9962,1.0,1000,0.0585
D1,mix,0.2,128,100,10000,1.0,1.0,1.0,1.0,0.9962,1.0,1000,0.0585
D1,anti,,128,100,10000,1.0,1.0,1.0,1.0,0.9962,1.0,1000,0.0585
D2,imitate,0.05,128,100,10000,0.4966,0.4713,0.5219,0.0,0.0,0.0038,1000,0.05
D2,imitate,0.1,128,100,10000,0.4804,0.4551,0.5057,0.2,0.1764,0.2259,1000,0.05
D2,imitate,0.2,128,100,10000,0.5361,0.5109,0.5613,0.0,0.0,0.0038,1000,0.05
D2,mix,0.05,128,100,10000,1.0,1.0,1.0,0.617,0.5865,0.6466,1000,0.05
D2,mix,0.1,128,100,10000,1.0,1.0,1.0,1.0,0.9962,1.0,1000,0.05
D2,mix,0.2,128,100,10000,1.0,1.0,1.0,1.0,0.9962,1.0,1000,0.05
D2,anti,,128,100,10000,1.0,1.0,1.0,1.0,0.9962,1.0,1000,0.05
D1,imitate,0.05,128,1000,30,0.5369,0.5167,0.5572,0.067,0.0531,0.0842,1000,0.05
D1,imitate,0.1,128,1000,30,0.622,0.6018,0.6422,0.113,0.0948,0.1341,1000,0.05
D1,imitate,0.2,128,1000,30,0.9878,0.983,0.9926,0.938,0.9213,0.9513,1000,0.05
D1,mix,0.05,128,1000,30,0.5982,0.578,0.6185,0.098,0.0811,0.118,1000,0.05
D1,mix,0.1,128,1000,30,0.6816,0.6619,0.7013,0.17,0.148,0.1945,1000,0.05
D1,mix,0.2,128,1000,30,0.8151,0.7982,0.8319,0.363,0.3338,0.3933,1000,0.05
D1,anti,,128,1000,30,0.9999,0.9994,1.0,0.999,0.9944,0.9998,1000,0.05
D2,imitate,0.05,128,1000,30,0.4772,0.4519,0.5024,0.037,0.027,0.0506,1000,0.054
D2,imitate,0.1,128,1000,30,0.5031,0.4778,0.5284,0.089,0.0729,0.1083,1000,0.054
D2,imitate,0.2,128,1000,30,0.511,0.4857,0.5363,0.029,0.0203,0.0413,1000,0.054
D2,mix,0.05,128,1000,30,0.6311,0.6069,0.6554,0.177,0.1546,0.2019,1000,0.054
D2,mix,0.1,128,1000,30,0.714,0.6916,0.7364,0.348,0.3191,0.3781,1000,0.054
D2,mix,0.2,128,1000,30,0.8885,0.8737,0.9032,0.538,0.507,0.5687,1000,0.054
D2,anti,,128,1000,30,0.9931,0.9895,0.9967,0.975,0.9634,0.983,1000,0.054
D1,imitate,0.05,128,1000,100,0.5683,0.548,0.5886,0.092,0.0756,0.1115,1000,0.05
D1,imitate,0.1,128,1000,100,0.7592,0.7408,0.7775,0.316,0.2879,0.3455,1000,0.05
D1,imitate,0.2,128,1000,100,1.0,0.9999,1.0,1.0,0.9962,1.0,1000,0.05
D1,mix,0.05,128,1000,100,0.6695,0.6496,0.6893,0.155,0.1339,0.1787,1000,0.05
D1,mix,0.1,128,1000,100,0.8163,0.7995,0.833,0.382,0.3524,0.4125,1000,0.05
D1,mix,0.2,128,1000,100,0.9561,0.9472,0.9651,0.802,0.7762,0.8255,1000,0.05
D1,anti,,128,1000,100,1.0,1.0,1.0,1.0,0.9962,1.0,1000,0.05
D2,imitate,0.05,128,1000,100,0.4948,0.4695,0.5201,0.041,0.0304,0.0551,1000,0.05
D2,imitate,0.1,128,1000,100,0.5258,0.5005,0.5511,0.104,0.0866,0.1245,1000,0.05
D2,imitate,0.2,128,1000,100,0.5115,0.4862,0.5368,0.052,0.0399,0.0676,1000,0.05
D2,mix,0.05,128,1000,100,0.7305,0.7086,0.7524,0.21,0.1859,0.2363,1000,0.05
D2,mix,0.1,128,1000,100,0.833,0.8151,0.8509,0.525,0.494,0.5558,1000,0.05
D2,mix,0.2,128,1000,100,0.9837,0.9781,0.9893,0.925,0.907,0.9397,1000,0.05
D2,anti,,128,1000,100,1.0,0.9999,1.0,1.0,0.9962,1.0,1000,0.05
D1,imitate,0.05,128,1000,300,0.6807,0.661,0.7004,0.193,0.1697,0.2186,1000,0.0478
D1,imitate,0.1,128,1000,300,0.9556,0.9466,0.9647,0.806,0.7803,0.8293,1000,0.0478
D1,imitate,0.2,128,1000,300,1.0,1.0,1.0,1.0,0.9962,1.0,1000,0.0478
D1,mix,0.05,128,1000,300,0.7915,0.774,0.809,0.317,0.2889,0.3465,1000,0.0478
D1,mix,0.1,128,1000,300,0.9662,0.9583,0.9741,0.849,0.8255,0.8699,1000,0.0478
D1,mix,0.2,128,1000,300,0.9995,0.9986,1.0,0.999,0.9944,0.9998,1000,0.0478
D1,anti,,128,1000,300,1.0,1.0,1.0,1.0,0.9962,1.0,1000,0.0478
D2,imitate,0.05,128,1000,300,0.5029,0.4776,0.5282,0.016,0.0099,0.0258,1000,0.052
D2,imitate,0.1,128,1000,300,0.5098,0.4845,0.5351,0.139,0.1189,0.1618,1000,0.052
D2,imitate,0.2,128,1000,300,0.5153,0.49,0.5406,0.053,0.0407,0.0687,1000,0.052
D2,mix,0.05,128,1000,300,0.8571,0.8405,0.8737,0.27,0.2434,0.2984,1000,0.052
D2,mix,0.1,128,1000,300,0.9488,0.9388,0.9588,0.906,0.8863,0.9226,1000,0.052
D2,mix,0.2,128,1000,300,1.0,0.9998,1.0,1.0,0.9962,1.0,1000,0.052
D2,anti,,128,1000,300,1.0,1.0,1.0,1.0,0.9962,1.0,1000,0.052
D1,imitate,0.05,128,1000,1000,0.8705,0.8559,0.8852,0.532,0.501,0.5627,1000,0.0467
D1,imitate,0.1,128,1000,1000,1.0,0.9996,1.0,1.0,0.9962,1.0,1000,0.0467
D1,imitate,0.2,128,1000,1000,1.0,1.0,1.0,1.0,0.9962,1.0,1000,0.0467
D1,mix,0.05,128,1000,1000,0.9659,0.958,0.9739,0.829,0.8044,0.8511,1000,0.0467
D1,mix,0.1,128,1000,1000,1.0,0.9997,1.0,1.0,0.9962,1.0,1000,0.0467
D1,mix,0.2,128,1000,1000,1.0,1.0,1.0,1.0,0.9962,1.0,1000,0.0467
D1,anti,,128,1000,1000,1.0,1.0,1.0,1.0,0.9962,1.0,1000,0.0467
D2,imitate,0.05,128,1000,1000,0.4857,0.4604,0.511,0.001,0.0002,0.0056,1000,0.0462
D2,imitate,0.1,128,1000,1000,0.4867,0.4614,0.512,0.176,0.1536,0.2008,1000,0.0462
D2,imitate,0.2,128,1000,1000,0.4956,0.4703,0.5209,0.016,0.0099,0.0258,1000,0.0462
D2,mix,0.05,128,1000,1000,0.9888,0.9841,0.9934,0.376,0.3465,0.4064,1000,0.0462
D2,mix,0.1,128,1000,1000,0.9935,0.9899,0.997,1.0,0.9962,1.0,1000,0.0462
D2,mix,0.2,128,1000,1000,1.0,1.0,1.0,1.0,0.9962,1.0,1000,0.0462
D2,anti,,128,1000,1000,1.0,1.0,1.0,1.0,0.9962,1.0,1000,0.0462
D1,imitate,0.05,128,1000,3000,0.9878,0.983,0.9926,0.953,0.9381,0.9645,1000,0.0488
D1,imitate,0.1,128,1000,3000,1.0,1.0,1.0,1.0,0.9962,1.0,1000,0.0488
D1,imitate,0.2,128,1000,3000,1.0,1.0,1.0,1.0,0.9962,1.0,1000,0.0488
D1,mix,0.05,128,1000,3000,1.0,0.9998,1.0,1.0,0.9962,1.0,1000,0.0488
D1,mix,0.1,128,1000,3000,1.0,1.0,1.0,1.0,0.9962,1.0,1000,0.0488
D1,mix,0.2,128,1000,3000,1.0,1.0,1.0,1.0,0.9962,1.0,1000,0.0488
D1,anti,,128,1000,3000,1.0,1.0,1.0,1.0,0.9962,1.0,1000,0.0488
D2,imitate,0.05,128,1000,3000,0.511,0.4857,0.5363,0.0,0.0,0.0038,1000,0.0505
D2,imitate,0.1,128,1000,3000,0.4993,0.474,0.5246,0.198,0.1745,0.2238,1000,0.0505
D2,imitate,0.2,128,1000,3000,0.4971,0.4718,0.5224,0.001,0.0002,0.0056,1000,0.0505
D2,mix,0.05,128,1000,3000,0.9999,0.9994,1.0,0.553,0.522,0.5836,1000,0.0505
D2,mix,0.1,128,1000,3000,1.0,0.9997,1.0,1.0,0.9962,1.0,1000,0.0505
D2,mix,0.2,128,1000,3000,1.0,1.0,1.0,1.0,0.9962,1.0,1000,0.0505
D2,anti,,128,1000,3000,1.0,1.0,1.0,1.0,0.9962,1.0,1000,0.0505
D1,imitate,0.05,128,1000,10000,1.0,1.0,1.0,1.0,0.9962,1.0,1000,0.043
D1,imitate,0.1,128,1000,10000,1.0,1.0,1.0,1.0,0.9962,1.0,1000,0.043
D1,imitate,0.2,128,1000,10000,1.0,1.0,1.0,1.0,0.9962,1.0,1000,0.043
D1,mix,0.05,128,1000,10000,1.0,1.0,1.0,1.0,0.9962,1.0,1000,0.043
D1,mix,0.1,128,1000,10000,1.0,1.0,1.0,1.0,0.9962,1.0,1000,0.043
D1,mix,0.2,128,1000,10000,1.0,1.0,1.0,1.0,0.9962,1.0,1000,0.043
D1,anti,,128,1000,10000,1.0,1.0,1.0,1.0,0.9962,1.0,1000,0.043
D2,imitate,0.05,128,1000,10000,0.5016,0.4763,0.527,0.0,0.0,0.0038,1000,0.0503
D2,imitate,0.1,128,1000,10000,0.5113,0.486,0.5366,0.2,0.1764,0.2259,1000,0.0503
D2,imitate,0.2,128,1000,10000,0.4981,0.4728,0.5234,0.001,0.0002,0.0056,1000,0.0503
D2,mix,0.05,128,1000,10000,1.0,1.0,1.0,0.874,0.852,0.8931,1000,0.0503
D2,mix,0.1,128,1000,10000,1.0,1.0,1.0,1.0,0.9962,1.0,1000,0.0503
D2,mix,0.2,128,1000,10000,1.0,1.0,1.0,1.0,0.9962,1.0,1000,0.0503
D2,anti,,128,1000,10000,1.0,1.0,1.0,1.0,0.9962,1.0,1000,0.0503
D1,imitate,0.05,128,fit,30,0.5342,0.5139,0.5544,0.059,0.046,0.0754,1000,0.0455
D1,imitate,0.1,128,fit,30,0.6303,0.6102,0.6505,0.14,0.1199,0.1629,1000,0.0455
D1,imitate,0.2,128,fit,30,0.9806,0.9745,0.9866,0.912,0.8928,0.928,1000,0.0455
D1,mix,0.05,128,fit,30,0.6001,0.5798,0.6204,0.081,0.0656,0.0996,1000,0.0455
D1,mix,0.1,128,fit,30,0.6841,0.6645,0.7038,0.157,0.1358,0.1809,1000,0.0455
D1,mix,0.2,128,fit,30,0.8091,0.7921,0.8261,0.33,0.3016,0.3597,1000,0.0455
D1,anti,,128,fit,30,1.0,0.9999,1.0,1.0,0.9962,1.0,1000,0.0455
D2,imitate,0.05,128,fit,30,0.4991,0.4738,0.5244,0.05,0.0381,0.0653,1000,0.0493
D2,imitate,0.1,128,fit,30,0.5222,0.4969,0.5475,0.096,0.0793,0.1158,1000,0.0493
D2,imitate,0.2,128,fit,30,0.504,0.4787,0.5293,0.02,0.013,0.0307,1000,0.0493
D2,mix,0.05,128,fit,30,0.6438,0.6198,0.6679,0.172,0.1499,0.1966,1000,0.0493
D2,mix,0.1,128,fit,30,0.7177,0.6954,0.74,0.324,0.2957,0.3536,1000,0.0493
D2,mix,0.2,128,fit,30,0.9009,0.887,0.9149,0.528,0.497,0.5588,1000,0.0493
D2,anti,,128,fit,30,0.9926,0.9889,0.9964,0.968,0.9552,0.9772,1000,0.0493
D1,imitate,0.05,128,fit,100,0.5714,0.5511,0.5917,0.088,0.072,0.1072,1000,0.0418
D1,imitate,0.1,128,fit,100,0.7693,0.7512,0.7875,0.307,0.2792,0.3363,1000,0.0418
D1,imitate,0.2,128,fit,100,1.0,1.0,1.0,1.0,0.9962,1.0,1000,0.0418
D1,mix,0.05,128,fit,100,0.6659,0.6461,0.6858,0.128,0.1087,0.1501,1000,0.0418
D1,mix,0.1,128,fit,100,0.8197,0.8031,0.8364,0.37,0.3406,0.4004,1000,0.0418
D1,mix,0.2,128,fit,100,0.9633,0.955,0.9715,0.805,0.7793,0.8284,1000,0.0418
D1,anti,,128,fit,100,1.0,1.0,1.0,1.0,0.9962,1.0,1000,0.0418
D2,imitate,0.05,128,fit,100,0.51,0.4847,0.5353,0.033,0.0236,0.046,1000,0.0522
D2,imitate,0.1,128,fit,100,0.4943,0.469,0.5197,0.097,0.0802,0.1169,1000,0.0522
D2,imitate,0.2,128,fit,100,0.5007,0.4754,0.526,0.054,0.0416,0.0698,1000,0.0522
D2,mix,0.05,128,fit,100,0.7202,0.698,0.7424,0.18,0.1574,0.205,1000,0.0522
D2,mix,0.1,128,fit,100,0.817,0.7984,0.8356,0.517,0.486,0.5478,1000,0.0522
D2,mix,0.2,128,fit,100,0.9841,0.9785,0.9896,0.928,0.9103,0.9424,1000,0.0522
D2,anti,,128,fit,100,1.0,1.0,1.0,1.0,0.9962,1.0,1000,0.0522
D1,imitate,0.05,128,fit,300,0.6796,0.6599,0.6994,0.202,0.1783,0.228,1000,0.0585
D1,imitate,0.1,128,fit,300,0.9549,0.9458,0.964,0.8,0.7741,0.8236,1000,0.0585
D1,imitate,0.2,128,fit,300,1.0,1.0,1.0,1.0,0.9962,1.0,1000,0.0585
D1,mix,0.05,128,fit,300,0.784,0.7663,0.8018,0.336,0.3074,0.3659,1000,0.0585
D1,mix,0.1,128,fit,300,0.9632,0.955,0.9715,0.838,0.8139,0.8595,1000,0.0585
D1,mix,0.2,128,fit,300,0.9998,0.9992,1.0,1.0,0.9962,1.0,1000,0.0585
D1,anti,,128,fit,300,1.0,1.0,1.0,1.0,0.9962,1.0,1000,0.0585
D2,imitate,0.05,128,fit,300,0.5244,0.4991,0.5497,0.016,0.0099,0.0258,1000,0.054
D2,imitate,0.1,128,fit,300,0.5005,0.4752,0.5258,0.144,0.1236,0.1671,1000,0.054
D2,imitate,0.2,128,fit,300,0.493,0.4677,0.5183,0.042,0.0312,0.0563,1000,0.054
D2,mix,0.05,128,fit,300,0.8706,0.8548,0.8865,0.258,0.2318,0.286,1000,0.054
D2,mix,0.1,128,fit,300,0.9488,0.9388,0.9588,0.892,0.8712,0.9098,1000,0.054
D2,mix,0.2,128,fit,300,1.0,0.9997,1.0,1.0,0.9962,1.0,1000,0.054
D2,anti,,128,fit,300,1.0,1.0,1.0,1.0,0.9962,1.0,1000,0.054
D1,imitate,0.05,128,fit,1000,0.875,0.8606,0.8894,0.562,0.5311,0.5925,1000,0.0535
D1,imitate,0.1,128,fit,1000,0.9999,0.9996,1.0,1.0,0.9962,1.0,1000,0.0535
D1,imitate,0.2,128,fit,1000,1.0,1.0,1.0,1.0,0.9962,1.0,1000,0.0535
D1,mix,0.05,128,fit,1000,0.9616,0.9532,0.97,0.819,0.7939,0.8416,1000,0.0535
D1,mix,0.1,128,fit,1000,0.9999,0.9995,1.0,0.999,0.9944,0.9998,1000,0.0535
D1,mix,0.2,128,fit,1000,1.0,1.0,1.0,1.0,0.9962,1.0,1000,0.0535
D1,anti,,128,fit,1000,1.0,1.0,1.0,1.0,0.9962,1.0,1000,0.0535
D2,imitate,0.05,128,fit,1000,0.497,0.4717,0.5223,0.0,0.0,0.0038,1000,0.049
D2,imitate,0.1,128,fit,1000,0.505,0.4797,0.5303,0.18,0.1574,0.205,1000,0.049
D2,imitate,0.2,128,fit,1000,0.5001,0.4748,0.5254,0.016,0.0099,0.0258,1000,0.049
D2,mix,0.05,128,fit,1000,0.9847,0.9792,0.9901,0.425,0.3947,0.4559,1000,0.049
D2,mix,0.1,128,fit,1000,0.9916,0.9876,0.9957,1.0,0.9962,1.0,1000,0.049
D2,mix,0.2,128,fit,1000,1.0,1.0,1.0,1.0,0.9962,1.0,1000,0.049
D2,anti,,128,fit,1000,1.0,1.0,1.0,1.0,0.9962,1.0,1000,0.049
D1,imitate,0.05,128,fit,3000,0.9898,0.9854,0.9942,0.947,0.9313,0.9593,1000,0.0467
D1,imitate,0.1,128,fit,3000,1.0,1.0,1.0,1.0,0.9962,1.0,1000,0.0467
D1,imitate,0.2,128,fit,3000,1.0,1.0,1.0,1.0,0.9962,1.0,1000,0.0467
D1,mix,0.05,128,fit,3000,1.0,0.9998,1.0,1.0,0.9962,1.0,1000,0.0467
D1,mix,0.1,128,fit,3000,1.0,1.0,1.0,1.0,0.9962,1.0,1000,0.0467
D1,mix,0.2,128,fit,3000,1.0,1.0,1.0,1.0,0.9962,1.0,1000,0.0467
D1,anti,,128,fit,3000,1.0,1.0,1.0,1.0,0.9962,1.0,1000,0.0467
D2,imitate,0.05,128,fit,3000,0.5136,0.4883,0.5389,0.0,0.0,0.0038,1000,0.0503
D2,imitate,0.1,128,fit,3000,0.5052,0.4799,0.5305,0.197,0.1735,0.2228,1000,0.0503
D2,imitate,0.2,128,fit,3000,0.5085,0.4832,0.5338,0.0,0.0,0.0038,1000,0.0503
D2,mix,0.05,128,fit,3000,0.9999,0.9995,1.0,0.408,0.3779,0.4388,1000,0.0503
D2,mix,0.1,128,fit,3000,0.9999,0.9994,1.0,1.0,0.9962,1.0,1000,0.0503
D2,mix,0.2,128,fit,3000,1.0,1.0,1.0,1.0,0.9962,1.0,1000,0.0503
D2,anti,,128,fit,3000,1.0,1.0,1.0,1.0,0.9962,1.0,1000,0.0503
D1,imitate,0.05,128,fit,10000,1.0,1.0,1.0,1.0,0.9962,1.0,1000,0.0558
D1,imitate,0.1,128,fit,10000,1.0,1.0,1.0,1.0,0.9962,1.0,1000,0.0558
D1,imitate,0.2,128,fit,10000,1.0,1.0,1.0,1.0,0.9962,1.0,1000,0.0558
D1,mix,0.05,128,fit,10000,1.0,1.0,1.0,1.0,0.9962,1.0,1000,0.0558
D1,mix,0.1,128,fit,10000,1.0,1.0,1.0,1.0,0.9962,1.0,1000,0.0558
D1,mix,0.2,128,fit,10000,1.0,1.0,1.0,1.0,0.9962,1.0,1000,0.0558
D1,anti,,128,fit,10000,1.0,1.0,1.0,1.0,0.9962,1.0,1000,0.0558
D2,imitate,0.05,128,fit,10000,0.5078,0.4824,0.5331,0.0,0.0,0.0038,1000,0.05
D2,imitate,0.1,128,fit,10000,0.4992,0.4739,0.5245,0.2,0.1764,0.2259,1000,0.05
D2,imitate,0.2,128,fit,10000,0.4833,0.458,0.5086,0.0,0.0,0.0038,1000,0.05
D2,mix,0.05,128,fit,10000,1.0,1.0,1.0,0.858,0.835,0.8783,1000,0.05
D2,mix,0.1,128,fit,10000,1.0,1.0,1.0,1.0,0.9962,1.0,1000,0.05
D2,mix,0.2,128,fit,10000,1.0,1.0,1.0,1.0,0.9962,1.0,1000,0.05
D2,anti,,128,fit,10000,1.0,1.0,1.0,1.0,0.9962,1.0,1000,0.05
D1,imitate,0.05,8,100,30,0.5307,0.5105,0.5509,0.045,0.0338,0.0597,1000,0.0413
D1,imitate,0.1,8,100,30,0.5945,0.5742,0.6148,0.079,0.0638,0.0974,1000,0.0413
D1,imitate,0.2,8,100,30,0.9535,0.9443,0.9627,0.783,0.7564,0.8074,1000,0.0413
D1,mix,0.05,8,100,30,0.6095,0.5893,0.6298,0.079,0.0638,0.0974,1000,0.0413
D1,mix,0.1,8,100,30,0.6393,0.6192,0.6594,0.135,0.1152,0.1576,1000,0.0413
D1,mix,0.2,8,100,30,0.7661,0.7479,0.7843,0.233,0.2079,0.2602,1000,0.0413
D1,anti,,8,100,30,0.9993,0.9982,1.0,0.997,0.9912,0.999,1000,0.0413
D2,imitate,0.05,8,100,30,0.5058,0.4805,0.5311,0.05,0.0381,0.0653,1000,0.0602
D2,imitate,0.1,8,100,30,0.458,0.4328,0.4832,0.081,0.0656,0.0996,1000,0.0602
D2,imitate,0.2,8,100,30,0.5724,0.5474,0.5974,0.038,0.0278,0.0517,1000,0.0602
D2,mix,0.05,8,100,30,0.614,0.5895,0.6385,0.121,0.1022,0.1427,1000,0.0602
D2,mix,0.1,8,100,30,0.6236,0.5993,0.648,0.214,0.1897,0.2405,1000,0.0602
D2,mix,0.2,8,100,30,0.8786,0.8633,0.894,0.379,0.3494,0.4095,1000,0.0602
D2,anti,,8,100,30,0.9679,0.9602,0.9756,0.865,0.8424,0.8848,1000,0.0602
D1,imitate,0.05,8,100,100,0.5417,0.5215,0.562,0.063,0.0495,0.0798,1000,0.0527
D1,imitate,0.1,8,100,100,0.6618,0.6418,0.6817,0.177,0.1546,0.2019,1000,0.0527
D1,imitate,0.2,8,100,100,0.9998,0.9993,1.0,1.0,0.9962,1.0,1000,0.0527
D1,mix,0.05,8,100,100,0.5899,0.5696,0.6103,0.103,0.0857,0.1234,1000,0.0527
D1,mix,0.1,8,100,100,0.6871,0.6675,0.7068,0.184,0.1612,0.2092,1000,0.0527
D1,mix,0.2,8,100,100,0.8631,0.8482,0.8781,0.481,0.4502,0.512,1000,0.0527
D1,anti,,8,100,100,1.0,1.0,1.0,1.0,0.9962,1.0,1000,0.0527
D2,imitate,0.05,8,100,100,0.5,0.4747,0.5253,0.042,0.0312,0.0563,1000,0.042
D2,imitate,0.1,8,100,100,0.4684,0.4432,0.4936,0.039,0.0287,0.0529,1000,0.042
D2,imitate,0.2,8,100,100,0.6253,0.601,0.6497,0.03,0.0211,0.0425,1000,0.042
D2,mix,0.05,8,100,100,0.6047,0.5801,0.6293,0.115,0.0967,0.1363,1000,0.042
D2,mix,0.1,8,100,100,0.6969,0.674,0.7197,0.242,0.2165,0.2695,1000,0.042
D2,mix,0.2,8,100,100,0.9631,0.9547,0.9716,0.654,0.624,0.6828,1000,0.042
D2,anti,,8,100,100,0.9971,0.9947,0.9994,0.986,0.9766,0.9916,1000,0.042
D1,imitate,0.05,8,100,300,0.5512,0.5309,0.5715,0.097,0.0802,0.1169,1000,0.0442
D1,imitate,0.1,8,100,300,0.8205,0.8039,0.8372,0.399,0.3691,0.4297,1000,0.0442
D1,imitate,0.2,8,100,300,1.0,1.0,1.0,1.0,0.9962,1.0,1000,0.0442
D1,mix,0.05,8,100,300,0.6001,0.5798,0.6204,0.113,0.0948,0.1341,1000,0.0442
D1,mix,0.1,8,100,300,0.7321,0.7132,0.751,0.278,0.2511,0.3066,1000,0.0442
D1,mix,0.2,8,100,300,0.963,0.9547,0.9712,0.82,0.795,0.8426,1000,0.0442
D1,anti,,8,100,300,1.0,1.0,1.0,1.0,0.9962,1.0,1000,0.0442
D2,imitate,0.05,8,100,300,0.4684,0.4431,0.4936,0.049,0.0373,0.0642,1000,0.0432
D2,imitate,0.1,8,100,300,0.5004,0.4751,0.5258,0.048,0.0364,0.0631,1000,0.0432
D2,imitate,0.2,8,100,300,0.765,0.7442,0.7857,0.021,0.0138,0.0319,1000,0.0432
D2,mix,0.05,8,100,300,0.6542,0.6304,0.678,0.16,0.1386,0.184,1000,0.0432
D2,mix,0.1,8,100,300,0.8364,0.8187,0.8541,0.385,0.3553,0.4155,1000,0.0432
D2,mix,0.2,8,100,300,0.9994,0.9983,1.0,0.962,0.9483,0.9722,1000,0.0432
D2,anti,,8,100,300,1.0,0.9997,1.0,1.0,0.9962,1.0,1000,0.0432
D1,imitate,0.05,8,100,1000,0.6534,0.6334,0.6734,0.179,0.1565,0.204,1000,0.0505
D1,imitate,0.1,8,100,1000,0.9772,0.9707,0.9838,0.898,0.8777,0.9153,1000,0.0505
D1,imitate,0.2,8,100,1000,1.0,1.0,1.0,1.0,0.9962,1.0,1000,0.0505
D1,mix,0.05,8,100,1000,0.6496,0.6296,0.6697,0.153,0.132,0.1766,1000,0.0505
D1,mix,0.1,8,100,1000,0.8949,0.8815,0.9083,0.646,0.6159,0.675,1000,0.0505
D1,mix,0.2,8,100,1000,0.9993,0.9981,1.0,0.996,0.9898,0.9984,1000,0.0505
D1,anti,,8,100,1000,1.0,1.0,1.0,1.0,0.9962,1.0,1000,0.0505
D2,imitate,0.05,8,100,1000,0.4772,0.4519,0.5025,0.023,0.0154,0.0343,1000,0.052
D2,imitate,0.1,8,100,1000,0.5238,0.4985,0.5491,0.062,0.0487,0.0787,1000,0.052
D2,imitate,0.2,8,100,1000,0.9413,0.9306,0.952,0.009,0.0047,0.017,1000,0.052
D2,mix,0.05,8,100,1000,0.6978,0.6749,0.7206,0.227,0.2021,0.254,1000,0.052
D2,mix,0.1,8,100,1000,0.8927,0.8782,0.9071,0.591,0.5602,0.6211,1000,0.052
D2,mix,0.2,8,100,1000,1.0,1.0,1.0,1.0,0.9962,1.0,1000,0.052
D2,anti,,8,100,1000,1.0,1.0,1.0,1.0,0.9962,1.0,1000,0.052
D1,imitate,0.05,8,100,3000,0.8358,0.8197,0.8518,0.473,0.4422,0.504,1000,0.0503
D1,imitate,0.1,8,100,3000,1.0,0.9998,1.0,1.0,0.9962,1.0,1000,0.0503
D1,imitate,0.2,8,100,3000,1.0,1.0,1.0,1.0,0.9962,1.0,1000,0.0503
D1,mix,0.05,8,100,3000,0.8204,0.8038,0.837,0.468,0.4373,0.499,1000,0.0503
D1,mix,0.1,8,100,3000,0.9922,0.9883,0.996,0.96,0.946,0.9705,1000,0.0503
D1,mix,0.2,8,100,3000,1.0,1.0,1.0,1.0,0.9962,1.0,1000,0.0503
D1,anti,,8,100,3000,1.0,1.0,1.0,1.0,0.9962,1.0,1000,0.0503
D2,imitate,0.05,8,100,3000,0.473,0.4477,0.4983,0.008,0.0041,0.0157,1000,0.0512
D2,imitate,0.1,8,100,3000,0.5254,0.5002,0.5507,0.087,0.0711,0.1061,1000,0.0512
D2,imitate,0.2,8,100,3000,0.9949,0.9918,0.9981,0.001,0.0002,0.0056,1000,0.0512
D2,mix,0.05,8,100,3000,0.733,0.7111,0.7548,0.318,0.2899,0.3475,1000,0.0512
D2,mix,0.1,8,100,3000,0.8899,0.8753,0.9046,0.672,0.6423,0.7004,1000,0.0512
D2,mix,0.2,8,100,3000,1.0,1.0,1.0,1.0,0.9962,1.0,1000,0.0512
D2,anti,,8,100,3000,1.0,1.0,1.0,1.0,0.9962,1.0,1000,0.0512
D1,imitate,0.05,8,100,10000,0.9448,0.9348,0.9548,0.822,0.7971,0.8445,1000,0.0515
D1,imitate,0.1,8,100,10000,1.0,1.0,1.0,1.0,0.9962,1.0,1000,0.0515
D1,imitate,0.2,8,100,10000,1.0,1.0,1.0,1.0,0.9962,1.0,1000,0.0515
D1,mix,0.05,8,100,10000,0.9351,0.9244,0.9459,0.814,0.7887,0.8369,1000,0.0515
D1,mix,0.1,8,100,10000,1.0,0.9998,1.0,1.0,0.9962,1.0,1000,0.0515
D1,mix,0.2,8,100,10000,1.0,1.0,1.0,1.0,0.9962,1.0,1000,0.0515
D1,anti,,8,100,10000,1.0,1.0,1.0,1.0,0.9962,1.0,1000,0.0515
D2,imitate,0.05,8,100,10000,0.4856,0.4603,0.5109,0.0,0.0,0.0038,1000,0.0503
D2,imitate,0.1,8,100,10000,0.4995,0.4742,0.5248,0.172,0.1499,0.1966,1000,0.0503
D2,imitate,0.2,8,100,10000,1.0,0.9999,1.0,0.0,0.0,0.0038,1000,0.0503
D2,mix,0.05,8,100,10000,0.7465,0.7251,0.7679,0.397,0.3671,0.4277,1000,0.0503
D2,mix,0.1,8,100,10000,0.8829,0.8678,0.898,0.84,0.816,0.8614,1000,0.0503
D2,mix,0.2,8,100,10000,1.0,1.0,1.0,1.0,0.9962,1.0,1000,0.0503
D2,anti,,8,100,10000,1.0,1.0,1.0,1.0,0.9962,1.0,1000,0.0503
D1,imitate,0.05,8,1000,30,0.5164,0.4963,0.5366,0.059,0.046,0.0754,1000,0.0553
D1,imitate,0.1,8,1000,30,0.6382,0.618,0.6583,0.149,0.1283,0.1724,1000,0.0553
D1,imitate,0.2,8,1000,30,0.9743,0.9674,0.9813,0.895,0.8745,0.9125,1000,0.0553
D1,mix,0.05,8,1000,30,0.5838,0.5635,0.6041,0.088,0.072,0.1072,1000,0.0553
D1,mix,0.1,8,1000,30,0.6711,0.6513,0.6909,0.162,0.1405,0.1861,1000,0.0553
D1,mix,0.2,8,1000,30,0.7915,0.774,0.809,0.318,0.2899,0.3475,1000,0.0553
D1,anti,,8,1000,30,1.0,0.9998,1.0,1.0,0.9962,1.0,1000,0.0553
D2,imitate,0.05,8,1000,30,0.4938,0.4685,0.5192,0.043,0.0321,0.0574,1000,0.0508
D2,imitate,0.1,8,1000,30,0.4813,0.456,0.5066,0.077,0.062,0.0952,1000,0.0508
D2,imitate,0.2,8,1000,30,0.4854,0.4601,0.5107,0.022,0.0146,0.0331,1000,0.0508
D2,mix,0.05,8,1000,30,0.5972,0.5724,0.6219,0.122,0.1031,0.1437,1000,0.0508
D2,mix,0.1,8,1000,30,0.671,0.6475,0.6944,0.26,0.2338,0.2881,1000,0.0508
D2,mix,0.2,8,1000,30,0.8874,0.8725,0.9022,0.444,0.4135,0.475,1000,0.0508
D2,anti,,8,1000,30,0.9923,0.9885,0.9961,0.96,0.946,0.9705,1000,0.0508
D1,imitate,0.05,8,1000,100,0.5712,0.5509,0.5915,0.107,0.0893,0.1277,1000,0.0585
D1,imitate,0.1,8,1000,100,0.7734,0.7553,0.7914,0.322,0.2938,0.3516,1000,0.0585
D1,imitate,0.2,8,1000,100,1.0,0.9998,1.0,1.0,0.9962,1.0,1000,0.0585
D1,mix,0.05,8,1000,100,0.6685,0.6487,0.6884,0.177,0.1546,0.2019,1000,0.0585
D1,mix,0.1,8,1000,100,0.8071,0.79,0.8242,0.377,0.3475,0.4075,1000,0.0585
D1,mix,0.2,8,1000,100,0.9515,0.9421,0.9609,0.774,0.7471,0.7988,1000,0.0585
D1,anti,,8,1000,100,1.0,1.0,1.0,1.0,0.9962,1.0,1000,0.0585
D2,imitate,0.05,8,1000,100,0.5077,0.4824,0.533,0.071,0.0567,0.0886,1000,0.0527
D2,imitate,0.1,8,1000,100,0.4999,0.4746,0.5252,0.076,0.0611,0.0941,1000,0.0527
D2,imitate,0.2,8,1000,100,0.4842,0.4589,0.5095,0.042,0.0312,0.0563,1000,0.0527
D2,mix,0.05,8,1000,100,0.6476,0.6237,0.6716,0.165,0.1433,0.1893,1000,0.0527
D2,mix,0.1,8,1000,100,0.8125,0.7937,0.8314,0.47,0.4392,0.501,1000,0.0527
D2,mix,0.2,8,1000,100,0.9783,0.9718,0.9848,0.883,0.8616,0.9015,1000,0.0527
D2,anti,,8,1000,100,1.0,1.0,1.0,1.0,0.9962,1.0,1000,0.0527
D1,imitate,0.05,8,1000,300,0.6611,0.6412,0.6811,0.159,0.1376,0.183,1000,0.0475
D1,imitate,0.1,8,1000,300,0.9489,0.9393,0.9586,0.758,0.7305,0.7835,1000,0.0475
D1,imitate,0.2,8,1000,300,1.0,1.0,1.0,1.0,0.9962,1.0,1000,0.0475
D1,mix,0.05,8,1000,300,0.7719,0.7538,0.7899,0.278,0.2511,0.3066,1000,0.0475
D1,mix,0.1,8,1000,300,0.9571,0.9482,0.966,0.796,0.7699,0.8198,1000,0.0475
D1,mix,0.2,8,1000,300,0.9982,0.9963,1.0,0.991,0.983,0.9953,1000,0.0475
D1,anti,,8,1000,300,1.0,1.0,1.0,1.0,0.9962,1.0,1000,0.0475
D2,imitate,0.05,8,1000,300,0.5394,0.5142,0.5646,0.067,0.0531,0.0842,1000,0.0517
D2,imitate,0.1,8,1000,300,0.4993,0.474,0.5246,0.099,0.082,0.1191,1000,0.0517
D2,imitate,0.2,8,1000,300,0.5281,0.5028,0.5534,0.024,0.0162,0.0355,1000,0.0517
D2,mix,0.05,8,1000,300,0.7542,0.733,0.7753,0.163,0.1414,0.1872,1000,0.0517
D2,mix,0.1,8,1000,300,0.924,0.9118,0.9362,0.789,0.7626,0.8132,1000,0.0517
D2,mix,0.2,8,1000,300,1.0,0.9997,1.0,1.0,0.9962,1.0,1000,0.0517
D2,anti,,8,1000,300,1.0,1.0,1.0,1.0,0.9962,1.0,1000,0.0517
D1,imitate,0.05,8,1000,1000,0.8495,0.834,0.8651,0.465,0.4343,0.496,1000,0.0403
D1,imitate,0.1,8,1000,1000,0.9999,0.9994,1.0,0.999,0.9944,0.9998,1000,0.0403
D1,imitate,0.2,8,1000,1000,1.0,1.0,1.0,1.0,0.9962,1.0,1000,0.0403
D1,mix,0.05,8,1000,1000,0.9422,0.9319,0.9524,0.733,0.7047,0.7595,1000,0.0403
D1,mix,0.1,8,1000,1000,0.9996,0.9988,1.0,0.997,0.9912,0.999,1000,0.0403
D1,mix,0.2,8,1000,1000,1.0,1.0,1.0,1.0,0.9962,1.0,1000,0.0403
D1,anti,,8,1000,1000,1.0,1.0,1.0,1.0,0.9962,1.0,1000,0.0403
D2,imitate,0.05,8,1000,1000,0.5106,0.4853,0.5359,0.061,0.0478,0.0776,1000,0.0455
D2,imitate,0.1,8,1000,1000,0.4719,0.4466,0.4971,0.108,0.0902,0.1288,1000,0.0455
D2,imitate,0.2,8,1000,1000,0.5445,0.5193,0.5697,0.001,0.0002,0.0056,1000,0.0455
D2,mix,0.05,8,1000,1000,0.8326,0.8147,0.8505,0.06,0.0469,0.0765,1000,0.0455
D2,mix,0.1,8,1000,1000,0.9802,0.9741,0.9864,0.957,0.9426,0.9679,1000,0.0455
D2,mix,0.2,8,1000,1000,1.0,1.0,1.0,1.0,0.9962,1.0,1000,0.0455
D2,anti,,8,1000,1000,1.0,1.0,1.0,1.0,0.9962,1.0,1000,0.0455
D1,imitate,0.05,8,1000,3000,0.9858,0.9806,0.991,0.94,0.9235,0.9531,1000,0.051
D1,imitate,0.1,8,1000,3000,1.0,1.0,1.0,1.0,0.9962,1.0,1000,0.051
D1,imitate,0.2,8,1000,3000,1.0,1.0,1.0,1.0,0.9962,1.0,1000,0.051
D1,mix,0.05,8,1000,3000,0.9997,0.999,1.0,0.999,0.9944,0.9998,1000,0.051
D1,mix,0.1,8,1000,3000,1.0,1.0,1.0,1.0,0.9962,1.0,1000,0.051
D1,mix,0.2,8,1000,3000,1.0,1.0,1.0,1.0,0.9962,1.0,1000,0.051
D1,anti,,8,1000,3000,1.0,1.0,1.0,1.0,0.9962,1.0,1000,0.051
D2,imitate,0.05,8,1000,3000,0.5361,0.5108,0.5613,0.091,0.0747,0.1104,1000,0.0512
D2,imitate,0.1,8,1000,3000,0.5112,0.4859,0.5365,0.114,0.0958,0.1352,1000,0.0512
D2,imitate,0.2,8,1000,3000,0.6066,0.582,0.6312,0.0,0.0,0.0038,1000,0.0512
D2,mix,0.05,8,1000,3000,0.8257,0.8075,0.844,0.018,0.0114,0.0283,1000,0.0512
D2,mix,0.1,8,1000,3000,0.9916,0.9876,0.9957,0.997,0.9912,0.999,1000,0.0512
D2,mix,0.2,8,1000,3000,1.0,1.0,1.0,1.0,0.9962,1.0,1000,0.0512
D2,anti,,8,1000,3000,1.0,1.0,1.0,1.0,0.9962,1.0,1000,0.0512
D1,imitate,0.05,8,1000,10000,1.0,1.0,1.0,1.0,0.9962,1.0,1000,0.0545
D1,imitate,0.1,8,1000,10000,1.0,1.0,1.0,1.0,0.9962,1.0,1000,0.0545
D1,imitate,0.2,8,1000,10000,1.0,1.0,1.0,1.0,0.9962,1.0,1000,0.0545
D1,mix,0.05,8,1000,10000,1.0,1.0,1.0,1.0,0.9962,1.0,1000,0.0545
D1,mix,0.1,8,1000,10000,1.0,1.0,1.0,1.0,0.9962,1.0,1000,0.0545
D1,mix,0.2,8,1000,10000,1.0,1.0,1.0,1.0,0.9962,1.0,1000,0.0545
D1,anti,,8,1000,10000,1.0,1.0,1.0,1.0,0.9962,1.0,1000,0.0545
D2,imitate,0.05,8,1000,10000,0.54,0.5148,0.5652,0.073,0.0585,0.0908,1000,0.0505
D2,imitate,0.1,8,1000,10000,0.5025,0.4772,0.5278,0.087,0.0711,0.1061,1000,0.0505
D2,imitate,0.2,8,1000,10000,0.6253,0.601,0.6496,0.0,0.0,0.0038,1000,0.0505
D2,mix,0.05,8,1000,10000,0.8051,0.7859,0.8242,0.001,0.0002,0.0056,1000,0.0505
D2,mix,0.1,8,1000,10000,0.9976,0.9954,0.9997,1.0,0.9962,1.0,1000,0.0505
D2,mix,0.2,8,1000,10000,1.0,1.0,1.0,1.0,0.9962,1.0,1000,0.0505
D2,anti,,8,1000,10000,1.0,1.0,1.0,1.0,0.9962,1.0,1000,0.0505
D1,imitate,0.05,8,fit,30,0.5441,0.5238,0.5643,0.069,0.0549,0.0864,1000,0.0565
D1,imitate,0.1,8,fit,30,0.6424,0.6223,0.6624,0.14,0.1199,0.1629,1000,0.0565
D1,imitate,0.2,8,fit,30,0.9808,0.9748,0.9868,0.918,0.8994,0.9334,1000,0.0565
D1,mix,0.05,8,fit,30,0.5985,0.5782,0.6187,0.099,0.082,0.1191,1000,0.0565
D1,mix,0.1,8,fit,30,0.6779,0.6582,0.6977,0.169,0.147,0.1935,1000,0.0565
D1,mix,0.2,8,fit,30,0.8041,0.787,0.8213,0.378,0.3485,0.4085,1000,0.0565
D1,anti,,8,fit,30,1.0,0.9998,1.0,1.0,0.9962,1.0,1000,0.0565
D2,imitate,0.05,8,fit,30,0.4997,0.4744,0.525,0.045,0.0338,0.0597,1000,0.042
D2,imitate,0.1,8,fit,30,0.4936,0.4683,0.5189,0.058,0.0451,0.0742,1000,0.042
D2,imitate,0.2,8,fit,30,0.5049,0.4795,0.5302,0.03,0.0211,0.0425,1000,0.042
D2,mix,0.05,8,fit,30,0.6073,0.5827,0.6319,0.127,0.1078,0.1491,1000,0.042
D2,mix,0.1,8,fit,30,0.696,0.6731,0.7189,0.297,0.2695,0.3261,1000,0.042
D2,mix,0.2,8,fit,30,0.9032,0.8894,0.9169,0.486,0.4551,0.517,1000,0.042
D2,anti,,8,fit,30,0.9938,0.9904,0.9972,0.965,0.9517,0.9747,1000,0.042
D1,imitate,0.05,8,fit,100,0.5716,0.5513,0.5919,0.083,0.0675,0.1017,1000,0.0503
D1,imitate,0.1,8,fit,100,0.7863,0.7687,0.804,0.337,0.3084,0.3669,1000,0.0503
D1,imitate,0.2,8,fit,100,1.0,0.9997,1.0,1.0,0.9962,1.0,1000,0.0503
D1,mix,0.05,8,fit,100,0.6535,0.6335,0.6735,0.117,0.0985,0.1384,1000,0.0503
D1,mix,0.1,8,fit,100,0.8101,0.7931,0.8271,0.378,0.3485,0.4085,1000,0.0503
D1,mix,0.2,8,fit,100,0.9587,0.95,0.9674,0.829,0.8044,0.8511,1000,0.0503
D1,anti,,8,fit,100,1.0,1.0,1.0,1.0,0.9962,1.0,1000,0.0503
D2,imitate,0.05,8,fit,100,0.5054,0.4801,0.5307,0.053,0.0407,0.0687,1000,0.0555
D2,imitate,0.1,8,fit,100,0.5105,0.4852,0.5358,0.084,0.0684,0.1028,1000,0.0555
D2,imitate,0.2,8,fit,100,0.5042,0.4789,0.5296,0.043,0.0321,0.0574,1000,0.0555
D2,mix,0.05,8,fit,100,0.6341,0.6099,0.6583,0.144,0.1236,0.1671,1000,0.0555
D2,mix,0.1,8,fit,100,0.8062,0.787,0.8253,0.494,0.4631,0.525,1000,0.0555
D2,mix,0.2,8,fit,100,0.9797,0.9735,0.986,0.899,0.8788,0.9162,1000,0.0555
D2,anti,,8,fit,100,1.0,0.9999,1.0,1.0,0.9962,1.0,1000,0.0555
D1,imitate,0.05,8,fit,300,0.6428,0.6227,0.6629,0.168,0.1461,0.1924,1000,0.0512
D1,imitate,0.1,8,fit,300,0.9427,0.9325,0.9528,0.768,0.7408,0.7931,1000,0.0512
D1,imitate,0.2,8,fit,300,1.0,1.0,1.0,1.0,0.9962,1.0,1000,0.0512
D1,mix,0.05,8,fit,300,0.7799,0.7621,0.7978,0.337,0.3084,0.3669,1000,0.0512
D1,mix,0.1,8,fit,300,0.9487,0.9391,0.9584,0.783,0.7564,0.8074,1000,0.0512
D1,mix,0.2,8,fit,300,0.9991,0.9978,1.0,0.995,0.9883,0.9979,1000,0.0512
D1,anti,,8,fit,300,1.0,1.0,1.0,1.0,0.9962,1.0,1000,0.0512
D2,imitate,0.05,8,fit,300,0.5051,0.4798,0.5304,0.062,0.0487,0.0787,1000,0.047
D2,imitate,0.1,8,fit,300,0.5025,0.4772,0.5278,0.103,0.0857,0.1234,1000,0.047
D2,imitate,0.2,8,fit,300,0.5182,0.4929,0.5435,0.025,0.017,0.0366,1000,0.047
D2,mix,0.05,8,fit,300,0.7501,0.7288,0.7714,0.179,0.1565,0.204,1000,0.047
D2,mix,0.1,8,fit,300,0.9272,0.9153,0.9391,0.759,0.7315,0.7845,1000,0.047
D2,mix,0.2,8,fit,300,0.9999,0.9996,1.0,1.0,0.9962,1.0,1000,0.047
D2,anti,,8,fit,300,1.0,1.0,1.0,1.0,0.9962,1.0,1000,0.047
D1,imitate,0.05,8,fit,1000,0.8488,0.8332,0.8644,0.488,0.4571,0.519,1000,0.0435
D1,imitate,0.1,8,fit,1000,0.9998,0.9992,1.0,0.999,0.9944,0.9998,1000,0.0435
D1,imitate,0.2,8,fit,1000,1.0,1.0,1.0,1.0,0.9962,1.0,1000,0.0435
D1,mix,0.05,8,fit,1000,0.9429,0.9327,0.953,0.754,0.7264,0.7797,1000,0.0435
D1,mix,0.1,8,fit,1000,0.9994,0.9984,1.0,0.995,0.9883,0.9979,1000,0.0435
D1,mix,0.2,8,fit,1000,1.0,1.0,1.0,1.0,0.9962,1.0,1000,0.0435
D1,anti,,8,fit,1000,1.0,1.0,1.0,1.0,0.9962,1.0,1000,0.0435
D2,imitate,0.05,8,fit,1000,0.5163,0.491,0.5416,0.088,0.072,0.1072,1000,0.0575
D2,imitate,0.1,8,fit,1000,0.4932,0.4679,0.5185,0.101,0.0838,0.1212,1000,0.0575
D2,imitate,0.2,8,fit,1000,0.5412,0.516,0.5664,0.002,0.0005,0.0073,1000,0.0575
D2,mix,0.05,8,fit,1000,0.8301,0.8121,0.8481,0.111,0.093,0.132,1000,0.0575
D2,mix,0.1,8,fit,1000,0.9775,0.9709,0.9841,0.969,0.9563,0.9781,1000,0.0575
D2,mix,0.2,8,fit,1000,1.0,1.0,1.0,1.0,0.9962,1.0,1000,0.0575
D2,anti,,8,fit,1000,1.0,1.0,1.0,1.0,0.9962,1.0,1000,0.0575
D1,imitate,0.05,8,fit,3000,0.9864,0.9813,0.9915,0.948,0.9324,0.9601,1000,0.053
D1,imitate,0.1,8,fit,3000,1.0,1.0,1.0,1.0,0.9962,1.0,1000,0.053
D1,imitate,0.2,8,fit,3000,1.0,1.0,1.0,1.0,0.9962,1.0,1000,0.053
D1,mix,0.05,8,fit,3000,0.9999,0.9994,1.0,1.0,0.9962,1.0,1000,0.053
D1,mix,0.1,8,fit,3000,1.0,1.0,1.0,1.0,0.9962,1.0,1000,0.053
D1,mix,0.2,8,fit,3000,1.0,1.0,1.0,1.0,0.9962,1.0,1000,0.053
D1,anti,,8,fit,3000,1.0,1.0,1.0,1.0,0.9962,1.0,1000,0.053
D2,imitate,0.05,8,fit,3000,0.5287,0.5034,0.5539,0.086,0.0702,0.105,1000,0.0483
D2,imitate,0.1,8,fit,3000,0.489,0.4637,0.5143,0.103,0.0857,0.1234,1000,0.0483
D2,imitate,0.2,8,fit,3000,0.6037,0.5791,0.6284,0.0,0.0,0.0038,1000,0.0483
D2,mix,0.05,8,fit,3000,0.829,0.8109,0.847,0.019,0.0122,0.0295,1000,0.0483
D2,mix,0.1,8,fit,3000,0.9905,0.9863,0.9948,0.991,0.983,0.9953,1000,0.0483
D2,mix,0.2,8,fit,3000,1.0,1.0,1.0,1.0,0.9962,1.0,1000,0.0483
D2,anti,,8,fit,3000,1.0,1.0,1.0,1.0,0.9962,1.0,1000,0.0483
D1,imitate,0.05,8,fit,10000,1.0,1.0,1.0,1.0,0.9962,1.0,1000,0.04
D1,imitate,0.1,8,fit,10000,1.0,1.0,1.0,1.0,0.9962,1.0,1000,0.04
D1,imitate,0.2,8,fit,10000,1.0,1.0,1.0,1.0,0.9962,1.0,1000,0.04
D1,mix,0.05,8,fit,10000,1.0,1.0,1.0,1.0,0.9962,1.0,1000,0.04
D1,mix,0.1,8,fit,10000,1.0,1.0,1.0,1.0,0.9962,1.0,1000,0.04
D1,mix,0.2,8,fit,10000,1.0,1.0,1.0,1.0,0.9962,1.0,1000,0.04
D1,anti,,8,fit,10000,1.0,1.0,1.0,1.0,0.9962,1.0,1000,0.04
D2,imitate,0.05,8,fit,10000,0.5356,0.5104,0.5609,0.075,0.0603,0.093,1000,0.0512
D2,imitate,0.1,8,fit,10000,0.4891,0.4638,0.5144,0.075,0.0603,0.093,1000,0.0512
D2,imitate,0.2,8,fit,10000,0.6433,0.6193,0.6673,0.0,0.0,0.0038,1000,0.0512
D2,mix,0.05,8,fit,10000,0.807,0.7879,0.8261,0.0,0.0,0.0038,1000,0.0512
D2,mix,0.1,8,fit,10000,0.9981,0.9962,1.0,1.0,0.9962,1.0,1000,0.0512
D2,mix,0.2,8,fit,10000,1.0,1.0,1.0,1.0,0.9962,1.0,1000,0.0512
D2,anti,,8,fit,10000,1.0,1.0,1.0,1.0,0.9962,1.0,1000,0.0512
D1,imitate,0.05,2,100,30,0.5343,0.5141,0.5545,0.059,0.046,0.0754,1000,0.0595
D1,imitate,0.1,2,100,30,0.5803,0.56,0.6006,0.093,0.0765,0.1126,1000,0.0595
D1,imitate,0.2,2,100,30,0.7837,0.766,0.8015,0.329,0.3006,0.3587,1000,0.0595
D1,mix,0.05,2,100,30,0.5465,0.5262,0.5668,0.065,0.0513,0.082,1000,0.0595
D1,mix,0.1,2,100,30,0.5862,0.5658,0.6065,0.094,0.0774,0.1137,1000,0.0595
D1,mix,0.2,2,100,30,0.634,0.6139,0.6541,0.099,0.082,0.1191,1000,0.0595
D1,anti,,2,100,30,0.8278,0.8114,0.8442,0.442,0.4115,0.4729,1000,0.0595
D2,imitate,0.05,2,100,30,0.4883,0.463,0.5136,0.053,0.0407,0.0687,1000,0.0508
D2,imitate,0.1,2,100,30,0.4862,0.4609,0.5115,0.053,0.0407,0.0687,1000,0.0508
D2,imitate,0.2,2,100,30,0.6623,0.6386,0.6859,0.01,0.0054,0.0183,1000,0.0508
D2,mix,0.05,2,100,30,0.5103,0.485,0.5356,0.049,0.0373,0.0642,1000,0.0508
D2,mix,0.1,2,100,30,0.5136,0.4883,0.5389,0.048,0.0364,0.0631,1000,0.0508
D2,mix,0.2,2,100,30,0.8464,0.8292,0.8636,0.075,0.0603,0.093,1000,0.0508
D2,anti,,2,100,30,0.679,0.6593,0.6988,0.074,0.0594,0.0919,1000,0.0508
D1,imitate,0.05,2,100,100,0.5137,0.4936,0.5338,0.059,0.046,0.0754,1000,0.0493
D1,imitate,0.1,2,100,100,0.5605,0.5402,0.5808,0.086,0.0702,0.105,1000,0.0493
D1,imitate,0.2,2,100,100,0.9508,0.9413,0.9602,0.805,0.7793,0.8284,1000,0.0493
D1,mix,0.05,2,100,100,0.5285,0.5083,0.5487,0.056,0.0434,0.072,1000,0.0493
D1,mix,0.1,2,100,100,0.5822,0.5619,0.6025,0.076,0.0611,0.0941,1000,0.0493
D1,mix,0.2,2,100,100,0.6323,0.6121,0.6524,0.117,0.0985,0.1384,1000,0.0493
D1,anti,,2,100,100,0.8941,0.8807,0.9075,0.71,0.6811,0.7373,1000,0.0493
D2,imitate,0.05,2,100,100,0.4984,0.4731,0.5237,0.057,0.0443,0.0731,1000,0.0537
D2,imitate,0.1,2,100,100,0.4905,0.4652,0.5158,0.115,0.0967,0.1363,1000,0.0537
D2,imitate,0.2,2,100,100,0.7324,0.7106,0.7543,0.015,0.0091,0.0246,1000,0.0537
D2,mix,0.05,2,100,100,0.4852,0.4599,0.5105,0.049,0.0373,0.0642,1000,0.0537
D2,mix,0.1,2,100,100,0.5302,0.5049,0.5554,0.051,0.039,0.0664,1000,0.0537
D2,mix,0.2,2,100,100,0.9267,0.9147,0.9387,0.044,0.0329,0.0586,1000,0.0537
D2,anti,,2,100,100,0.5808,0.5605,0.6011,0.037,0.027,0.0506,1000,0.0537
D1,imitate,0.05,2,100,300,0.5175,0.4974,0.5376,0.069,0.0549,0.0864,1000,0.065
D1,imitate,0.1,2,100,300,0.6472,0.6272,0.6673,0.175,0.1527,0.1998,1000,0.065
D1,imitate,0.2,2,100,300,0.9964,0.9937,0.999,0.987,0.9779,0.9924,1000,0.065
D1,mix,0.05,2,100,300,0.5274,0.5072,0.5476,0.068,0.054,0.0853,1000,0.065
D1,mix,0.1,2,100,300,0.5569,0.5366,0.5772,0.094,0.0774,0.1137,1000,0.065
D1,mix,0.2,2,100,300,0.6819,0.6622,0.7016,0.266,0.2395,0.2942,1000,0.065
D1,anti,,2,100,300,0.895,0.8816,0.9084,0.806,0.7803,0.8293,1000,0.065
D2,imitate,0.05,2,100,300,0.4697,0.4445,0.495,0.045,0.0338,0.0597,1000,0.0512
D2,imitate,0.1,2,100,300,0.5157,0.4905,0.541,0.152,0.1311,0.1756,1000,0.0512
D2,imitate,0.2,2,100,300,0.8584,0.8419,0.875,0.021,0.0138,0.0319,1000,0.0512
D2,mix,0.05,2,100,300,0.4759,0.4506,0.5012,0.047,0.0355,0.0619,1000,0.0512
D2,mix,0.1,2,100,300,0.5623,0.5372,0.5874,0.042,0.0312,0.0563,1000,0.0512
D2,mix,0.2,2,100,300,0.9832,0.9774,0.9889,0.039,0.0287,0.0529,1000,0.0512
D2,anti,,2,100,300,0.5309,0.5107,0.5511,0.017,0.0106,0.0271,1000,0.0512
D1,imitate,0.05,2,100,1000,0.5185,0.4984,0.5386,0.041,0.0304,0.0551,1000,0.0447
D1,imitate,0.1,2,100,1000,0.7992,0.7819,0.8166,0.414,0.3839,0.4448,1000,0.0447
D1,imitate,0.2,2,100,1000,1.0,1.0,1.0,1.0,0.9962,1.0,1000,0.0447
D1,mix,0.05,2,100,1000,0.5017,0.4817,0.5217,0.052,0.0399,0.0676,1000,0.0447
D1,mix,0.1,2,100,1000,0.6063,0.586,0.6266,0.126,0.1069,0.148,1000,0.0447
D1,mix,0.2,2,100,1000,0.8464,0.8307,0.8621,0.535,0.504,0.5657,1000,0.0447
D1,anti,,2,100,1000,0.9018,0.8888,0.9148,0.818,0.7929,0.8407,1000,0.0447
D2,imitate,0.05,2,100,1000,0.4536,0.4284,0.4787,0.021,0.0138,0.0319,1000,0.0525
D2,imitate,0.1,2,100,1000,0.5142,0.4889,0.5395,0.217,0.1926,0.2436,1000,0.0525
D2,imitate,0.2,2,100,1000,0.9093,0.8959,0.9226,0.017,0.0106,0.0271,1000,0.0525
D2,mix,0.05,2,100,1000,0.4529,0.4278,0.4781,0.019,0.0122,0.0295,1000,0.0525
D2,mix,0.1,2,100,1000,0.5805,0.5556,0.6054,0.053,0.0407,0.0687,1000,0.0525
D2,mix,0.2,2,100,1000,0.9975,0.9953,0.9997,0.051,0.039,0.0664,1000,0.0525
D2,anti,,2,100,1000,0.5304,0.5102,0.5506,0.006,0.0028,0.013,1000,0.0525
D1,imitate,0.05,2,100,3000,0.5052,0.4851,0.5252,0.047,0.0355,0.0619,1000,0.0535
D1,imitate,0.1,2,100,3000,0.9299,0.9187,0.9411,0.742,0.714,0.7682,1000,0.0535
D1,imitate,0.2,2,100,3000,1.0,1.0,1.0,1.0,0.9962,1.0,1000,0.0535
D1,mix,0.05,2,100,3000,0.5114,0.4913,0.5315,0.049,0.0373,0.0642,1000,0.0535
D1,mix,0.1,2,100,3000,0.7494,0.7308,0.768,0.333,0.3045,0.3628,1000,0.0535
D1,mix,0.2,2,100,3000,0.9478,0.9381,0.9576,0.806,0.7803,0.8293,1000,0.0535
D1,anti,,2,100,3000,0.8904,0.8767,0.904,0.805,0.7793,0.8284,1000,0.0535
D2,imitate,0.05,2,100,3000,0.4298,0.4048,0.4548,0.004,0.0016,0.0102,1000,0.0512
D2,imitate,0.1,2,100,3000,0.5074,0.4821,0.5327,0.266,0.2395,0.2942,1000,0.0512
D2,imitate,0.2,2,100,3000,0.9224,0.91,0.9347,0.006,0.0028,0.013,1000,0.0512
D2,mix,0.05,2,100,3000,0.4267,0.4017,0.4516,0.002,0.0005,0.0073,1000,0.0512
D2,mix,0.1,2,100,3000,0.5687,0.5437,0.5937,0.072,0.0576,0.0897,1000,0.0512
D2,mix,0.2,2,100,3000,0.9997,0.999,1.0,0.058,0.0451,0.0742,1000,0.0512
D2,anti,,2,100,3000,0.5303,0.5101,0.5505,0.0,0.0,0.0038,1000,0.0512
D1,imitate,0.05,2,100,10000,0.5703,0.55,0.5906,0.027,0.0186,0.039,1000,0.0537
D1,imitate,0.1,2,100,10000,0.9902,0.9859,0.9946,0.949,0.9336,0.961,1000,0.0537
D1,imitate,0.2,2,100,10000,1.0,1.0,1.0,1.0,0.9962,1.0,1000,0.0537
D1,mix,0.05,2,100,10000,0.5343,0.5141,0.5545,0.024,0.0162,0.0355,1000,0.0537
D1,mix,0.1,2,100,10000,0.884,0.87,0.8979,0.565,0.5341,0.5954,1000,0.0537
D1,mix,0.2,2,100,10000,0.9961,0.9934,0.9988,0.982,0.9717,0.9886,1000,0.0537
D1,anti,,2,100,10000,0.8825,0.8685,0.8966,0.8,0.7741,0.8236,1000,0.0537
D2,imitate,0.05,2,100,10000,0.4194,0.3945,0.4443,0.0,0.0,0.0038,1000,0.0465
D2,imitate,0.1,2,100,10000,0.4979,0.4725,0.5232,0.28,0.2531,0.3086,1000,0.0465
D2,imitate,0.2,2,100,10000,0.9214,0.909,0.9338,0.0,0.0,0.0038,1000,0.0465
D2,mix,0.05,2,100,10000,0.4106,0.3858,0.4354,0.0,0.0,0.0038,1000,0.0465
D2,mix,0.1,2,100,10000,0.5621,0.537,0.5872,0.066,0.0522,0.0831,1000,0.0465
D2,mix,0.2,2,100,10000,1.0,1.0,1.0,0.034,0.0244,0.0471,1000,0.0465
D2,anti,,2,100,10000,0.5397,0.5195,0.5599,0.0,0.0,0.0038,1000,0.0465
D1,imitate,0.05,2,1000,30,0.521,0.5009,0.5412,0.053,0.0407,0.0687,1000,0.0505
D1,imitate,0.1,2,1000,30,0.5871,0.5668,0.6075,0.08,0.0647,0.0985,1000,0.0505
D1,imitate,0.2,2,1000,30,0.8941,0.8807,0.9075,0.59,0.5592,0.6201,1000,0.0505
D1,mix,0.05,2,1000,30,0.575,0.5547,0.5954,0.064,0.0504,0.0809,1000,0.0505
D1,mix,0.1,2,1000,30,0.63,0.6098,0.6501,0.11,0.0921,0.1309,1000,0.0505
D1,mix,0.2,2,1000,30,0.705,0.6856,0.7244,0.134,0.1143,0.1565,1000,0.0505
D1,anti,,2,1000,30,0.9309,0.9198,0.942,0.784,0.7574,0.8084,1000,0.0505
D2,imitate,0.05,2,1000,30,0.4858,0.4605,0.5111,0.063,0.0495,0.0798,1000,0.0498
D2,imitate,0.1,2,1000,30,0.4787,0.4534,0.504,0.082,0.0666,0.1006,1000,0.0498
D2,imitate,0.2,2,1000,30,0.6187,0.5943,0.6432,0.009,0.0047,0.017,1000,0.0498
D2,mix,0.05,2,1000,30,0.5142,0.4889,0.5395,0.061,0.0478,0.0776,1000,0.0498
D2,mix,0.1,2,1000,30,0.5365,0.5112,0.5617,0.059,0.046,0.0754,1000,0.0498
D2,mix,0.2,2,1000,30,0.8521,0.8352,0.869,0.069,0.0549,0.0864,1000,0.0498
D2,anti,,2,1000,30,0.7696,0.7515,0.7877,0.098,0.0811,0.118,1000,0.0498
D1,imitate,0.05,2,1000,100,0.5168,0.4966,0.5369,0.064,0.0504,0.0809,1000,0.0555
D1,imitate,0.1,2,1000,100,0.6582,0.6383,0.6782,0.165,0.1433,0.1893,1000,0.0555
D1,imitate,0.2,2,1000,100,0.9936,0.9901,0.9971,0.964,0.9506,0.9739,1000,0.0555
D1,mix,0.05,2,1000,100,0.575,0.5547,0.5953,0.087,0.0711,0.1061,1000,0.0555
D1,mix,0.1,2,1000,100,0.6641,0.6442,0.684,0.147,0.1264,0.1703,1000,0.0555
D1,mix,0.2,2,1000,100,0.753,0.7345,0.7715,0.297,0.2695,0.3261,1000,0.0555
D1,anti,,2,1000,100,0.9292,0.9179,0.9404,0.832,0.8076,0.8539,1000,0.0555
D2,imitate,0.05,2,1000,100,0.4798,0.4546,0.5051,0.084,0.0684,0.1028,1000,0.0457
D2,imitate,0.1,2,1000,100,0.4969,0.4716,0.5222,0.095,0.0783,0.1148,1000,0.0457
D2,imitate,0.2,2,1000,100,0.6748,0.6514,0.6982,0.004,0.0016,0.0102,1000,0.0457
D2,mix,0.05,2,1000,100,0.4986,0.4733,0.5239,0.056,0.0434,0.072,1000,0.0457
D2,mix,0.1,2,1000,100,0.5601,0.535,0.5852,0.033,0.0236,0.046,1000,0.0457
D2,mix,0.2,2,1000,100,0.9216,0.9092,0.934,0.024,0.0162,0.0355,1000,0.0457
D2,anti,,2,1000,100,0.7664,0.7482,0.7846,0.067,0.0531,0.0842,1000,0.0457
D1,imitate,0.05,2,1000,300,0.5455,0.5253,0.5658,0.072,0.0576,0.0897,1000,0.059
D1,imitate,0.1,2,1000,300,0.8023,0.7851,0.8195,0.398,0.3681,0.4287,1000,0.059
D1,imitate,0.2,2,1000,300,1.0,0.9999,1.0,1.0,0.9962,1.0,1000,0.059
D1,mix,0.05,2,1000,300,0.5728,0.5524,0.5931,0.095,0.0783,0.1148,1000,0.059
D1,mix,0.1,2,1000,300,0.7172,0.698,0.7364,0.308,0.2802,0.3373,1000,0.059
D1,mix,0.2,2,1000,300,0.8506,0.8351,0.8661,0.581,0.5502,0.6112,1000,0.059
D1,anti,,2,1000,300,0.9006,0.8875,0.9136,0.819,0.7939,0.8416,1000,0.059
D2,imitate,0.05,2,1000,300,0.4838,0.4585,0.509,0.098,0.0811,0.118,1000,0.0488
D2,imitate,0.1,2,1000,300,0.4931,0.4678,0.5184,0.099,0.082,0.1191,1000,0.0488
D2,imitate,0.2,2,1000,300,0.7738,0.7534,0.7943,0.001,0.0002,0.0056,1000,0.0488
D2,mix,0.05,2,1000,300,0.5162,0.491,0.5415,0.071,0.0567,0.0886,1000,0.0488
D2,mix,0.1,2,1000,300,0.5998,0.5751,0.6245,0.029,0.0203,0.0413,1000,0.0488
D2,mix,0.2,2,1000,300,0.9774,0.9708,0.9841,0.006,0.0028,0.013,1000,0.0488
D2,anti,,2,1000,300,0.7604,0.7421,0.7787,0.022,0.0146,0.0331,1000,0.0488
D1,imitate,0.05,2,1000,1000,0.5799,0.5596,0.6003,0.098,0.0811,0.118,1000,0.0493
D1,imitate,0.1,2,1000,1000,0.9562,0.9472,0.9651,0.83,0.8055,0.852,1000,0.0493
D1,imitate,0.2,2,1000,1000,1.0,1.0,1.0,1.0,0.9962,1.0,1000,0.0493
D1,mix,0.05,2,1000,1000,0.5832,0.5629,0.6035,0.111,0.093,0.132,1000,0.0493
D1,mix,0.1,2,1000,1000,0.7916,0.7741,0.8091,0.497,0.4661,0.5279,1000,0.0493
D1,mix,0.2,2,1000,1000,0.9322,0.9212,0.9432,0.809,0.7835,0.8322,1000,0.0493
D1,anti,,2,1000,1000,0.8974,0.8841,0.9106,0.816,0.7908,0.8388,1000,0.0493
D2,imitate,0.05,2,1000,1000,0.4801,0.4548,0.5054,0.089,0.0729,0.1083,1000,0.0548
D2,imitate,0.1,2,1000,1000,0.4938,0.4685,0.5191,0.098,0.0811,0.118,1000,0.0548
D2,imitate,0.2,2,1000,1000,0.8313,0.8133,0.8493,0.0,0.0,0.0038,1000,0.0548
D2,mix,0.05,2,1000,1000,0.5186,0.4933,0.5439,0.048,0.0364,0.0631,1000,0.0548
D2,mix,0.1,2,1000,1000,0.6549,0.6311,0.6787,0.002,0.0005,0.0073,1000,0.0548
D2,mix,0.2,2,1000,1000,0.9897,0.9852,0.9941,0.0,0.0,0.0038,1000,0.0548
D2,anti,,2,1000,1000,0.7634,0.7451,0.7816,0.0,0.0,0.0038,1000,0.0548
D1,imitate,0.05,2,1000,3000,0.7142,0.695,0.7335,0.27,0.2434,0.2984,1000,0.046
D1,imitate,0.1,2,1000,3000,0.9985,0.9968,1.0,0.993,0.9856,0.9966,1000,0.046
D1,imitate,0.2,2,1000,3000,1.0,1.0,1.0,1.0,0.9962,1.0,1000,0.046
D1,mix,0.05,2,1000,3000,0.6923,0.6727,0.7119,0.272,0.2453,0.3004,1000,0.046
D1,mix,0.1,2,1000,3000,0.9172,0.9051,0.9292,0.726,0.6975,0.7527,1000,0.046
D1,mix,0.2,2,1000,3000,0.9864,0.9814,0.9915,0.941,0.9246,0.954,1000,0.046
D1,anti,,2,1000,3000,0.8959,0.8826,0.9093,0.809,0.7835,0.8322,1000,0.046
D2,imitate,0.05,2,1000,3000,0.4795,0.4542,0.5048,0.114,0.0958,0.1352,1000,0.0527
D2,imitate,0.1,2,1000,3000,0.4717,0.4464,0.4969,0.086,0.0702,0.105,1000,0.0527
D2,imitate,0.2,2,1000,3000,0.865,0.8488,0.8811,0.0,0.0,0.0038,1000,0.0527
D2,mix,0.05,2,1000,3000,0.5115,0.4862,0.5368,0.016,0.0099,0.0258,1000,0.0527
D2,mix,0.1,2,1000,3000,0.6948,0.6719,0.7177,0.0,0.0,0.0038,1000,0.0527
D2,mix,0.2,2,1000,3000,0.9967,0.9942,0.9992,0.0,0.0,0.0038,1000,0.0527
D2,anti,,2,1000,3000,0.764,0.7457,0.7822,0.0,0.0,0.0038,1000,0.0527
D1,imitate,0.05,2,1000,10000,0.8971,0.8839,0.9104,0.673,0.6433,0.7014,1000,0.0548
D1,imitate,0.1,2,1000,10000,1.0,1.0,1.0,1.0,0.9962,1.0,1000,0.0548
D1,imitate,0.2,2,1000,10000,1.0,1.0,1.0,1.0,0.9962,1.0,1000,0.0548
D1,mix,0.05,2,1000,10000,0.8301,0.8138,0.8464,0.567,0.5361,0.5974,1000,0.0548
D1,mix,0.1,2,1000,10000,0.9908,0.9867,0.995,0.959,0.9449,0.9696,1000,0.0548
D1,mix,0.2,2,1000,10000,1.0,0.9999,1.0,1.0,0.9962,1.0,1000,0.0548
D1,anti,,2,1000,10000,0.8977,0.8845,0.911,0.808,0.7824,0.8312,1000,0.0548
D2,imitate,0.05,2,1000,10000,0.4772,0.4519,0.5025,0.09,0.0738,0.1093,1000,0.0512
D2,imitate,0.1,2,1000,10000,0.4393,0.4142,0.4644,0.054,0.0416,0.0698,1000,0.0512
D2,imitate,0.2,2,1000,10000,0.8779,0.8625,0.8933,0.0,0.0,0.0038,1000,0.0512
D2,mix,0.05,2,1000,10000,0.4968,0.4715,0.5221,0.007,0.0034,0.0144,1000,0.0512
D2,mix,0.1,2,1000,10000,0.7249,0.7028,0.747,0.0,0.0,0.0038,1000,0.0512
D2,mix,0.2,2,1000,10000,0.9999,0.9993,1.0,0.0,0.0,0.0038,1000,0.0512
D2,anti,,2,1000,10000,0.7621,0.7438,0.7804,0.0,0.0,0.0038,1000,0.0512
D1,imitate,0.05,2,fit,30,0.5317,0.5115,0.5519,0.059,0.046,0.0754,1000,0.0445
D1,imitate,0.1,2,fit,30,0.6107,0.5904,0.6309,0.09,0.0738,0.1093,1000,0.0445
D1,imitate,0.2,2,fit,30,0.8966,0.8833,0.9099,0.596,0.5653,0.626,1000,0.0445
D1,mix,0.05,2,fit,30,0.575,0.5547,0.5953,0.062,0.0487,0.0787,1000,0.0445
D1,mix,0.1,2,fit,30,0.6447,0.6246,0.6648,0.104,0.0866,0.1245,1000,0.0445
D1,mix,0.2,2,fit,30,0.6984,0.6789,0.7179,0.158,0.1367,0.1819,1000,0.0445
D1,anti,,2,fit,30,0.9341,0.9232,0.9449,0.786,0.7595,0.8103,1000,0.0445
D2,imitate,0.05,2,fit,30,0.4911,0.4658,0.5164,0.076,0.0611,0.0941,1000,0.0478
D2,imitate,0.1,2,fit,30,0.4995,0.4742,0.5248,0.091,0.0747,0.1104,1000,0.0478
D2,imitate,0.2,2,fit,30,0.6305,0.6062,0.6547,0.006,0.0028,0.013,1000,0.0478
D2,mix,0.05,2,fit,30,0.5233,0.4981,0.5486,0.062,0.0487,0.0787,1000,0.0478
D2,mix,0.1,2,fit,30,0.5471,0.5219,0.5723,0.056,0.0434,0.072,1000,0.0478
D2,mix,0.2,2,fit,30,0.8384,0.8208,0.8561,0.07,0.0558,0.0875,1000,0.0478
D2,anti,,2,fit,30,0.775,0.7571,0.793,0.109,0.0912,0.1298,1000,0.0478
D1,imitate,0.05,2,fit,100,0.5242,0.5041,0.5444,0.048,0.0364,0.0631,1000,0.0575
D1,imitate,0.1,2,fit,100,0.6511,0.6311,0.6711,0.158,0.1367,0.1819,1000,0.0575
D1,imitate,0.2,2,fit,100,0.9906,0.9864,0.9948,0.956,0.9414,0.9671,1000,0.0575
D1,mix,0.05,2,fit,100,0.5754,0.5551,0.5957,0.07,0.0558,0.0875,1000,0.0575
D1,mix,0.1,2,fit,100,0.6829,0.6633,0.7026,0.169,0.147,0.1935,1000,0.0575
D1,mix,0.2,2,fit,100,0.7617,0.7434,0.78,0.322,0.2938,0.3516,1000,0.0575
D1,anti,,2,fit,100,0.9172,0.9051,0.9292,0.819,0.7939,0.8416,1000,0.0575
D2,imitate,0.05,2,fit,100,0.4865,0.4612,0.5118,0.085,0.0693,0.1039,1000,0.051
D2,imitate,0.1,2,fit,100,0.513,0.4877,0.5383,0.084,0.0684,0.1028,1000,0.051
D2,imitate,0.2,2,fit,100,0.6871,0.664,0.7102,0.002,0.0005,0.0073,1000,0.051
D2,mix,0.05,2,fit,100,0.508,0.4827,0.5333,0.068,0.054,0.0853,1000,0.051
D2,mix,0.1,2,fit,100,0.5726,0.5476,0.5975,0.052,0.0399,0.0676,1000,0.051
D2,mix,0.2,2,fit,100,0.9302,0.9185,0.9418,0.021,0.0138,0.0319,1000,0.051
D2,anti,,2,fit,100,0.7662,0.748,0.7844,0.061,0.0478,0.0776,1000,0.051
D1,imitate,0.05,2,fit,300,0.5602,0.5399,0.5805,0.079,0.0638,0.0974,1000,0.0535
D1,imitate,0.1,2,fit,300,0.7817,0.7639,0.7995,0.375,0.3455,0.4054,1000,0.0535
D1,imitate,0.2,2,fit,300,1.0,0.9998,1.0,1.0,0.9962,1.0,1000,0.0535
D1,mix,0.05,2,fit,300,0.586,0.5657,0.6063,0.085,0.0693,0.1039,1000,0.0535
D1,mix,0.1,2,fit,300,0.7475,0.7288,0.7661,0.313,0.285,0.3424,1000,0.0535
D1,mix,0.2,2,fit,300,0.8519,0.8364,0.8673,0.589,0.5582,0.6191,1000,0.0535
D1,anti,,2,fit,300,0.903,0.89,0.9159,0.811,0.7856,0.8341,1000,0.0535
D2,imitate,0.05,2,fit,300,0.4863,0.461,0.5115,0.113,0.0948,0.1341,1000,0.0527
D2,imitate,0.1,2,fit,300,0.5057,0.4804,0.531,0.096,0.0793,0.1158,1000,0.0527
D2,imitate,0.2,2,fit,300,0.7537,0.7326,0.7749,0.0,0.0,0.0038,1000,0.0527
D2,mix,0.05,2,fit,300,0.5163,0.4911,0.5416,0.085,0.0693,0.1039,1000,0.0527
D2,mix,0.1,2,fit,300,0.6009,0.5762,0.6256,0.023,0.0154,0.0343,1000,0.0527
D2,mix,0.2,2,fit,300,0.9737,0.9666,0.9808,0.004,0.0016,0.0102,1000,0.0527
D2,anti,,2,fit,300,0.7593,0.7409,0.7776,0.017,0.0106,0.0271,1000,0.0527
D1,imitate,0.05,2,fit,1000,0.5943,0.574,0.6146,0.104,0.0866,0.1245,1000,0.0525
D1,imitate,0.1,2,fit,1000,0.9639,0.9557,0.9721,0.851,0.8276,0.8717,1000,0.0525
D1,imitate,0.2,2,fit,1000,1.0,1.0,1.0,1.0,0.9962,1.0,1000,0.0525
D1,mix,0.05,2,fit,1000,0.6006,0.5803,0.6209,0.13,0.1106,0.1523,1000,0.0525
D1,mix,0.1,2,fit,1000,0.8518,0.8364,0.8673,0.61,0.5794,0.6398,1000,0.0525
D1,mix,0.2,2,fit,1000,0.9334,0.9225,0.9443,0.809,0.7835,0.8322,1000,0.0525
D1,anti,,2,fit,1000,0.895,0.8816,0.9084,0.807,0.7814,0.8303,1000,0.0525
D2,imitate,0.05,2,fit,1000,0.4865,0.4612,0.5118,0.093,0.0765,0.1126,1000,0.044
D2,imitate,0.1,2,fit,1000,0.4901,0.4648,0.5154,0.089,0.0729,0.1083,1000,0.044
D2,imitate,0.2,2,fit,1000,0.8253,0.807,0.8435,0.0,0.0,0.0038,1000,0.044
D2,mix,0.05,2,fit,1000,0.5177,0.4924,0.543,0.041,0.0304,0.0551,1000,0.044
D2,mix,0.1,2,fit,1000,0.6681,0.6446,0.6917,0.007,0.0034,0.0144,1000,0.044
D2,mix,0.2,2,fit,1000,0.9887,0.984,0.9933,0.0,0.0,0.0038,1000,0.044
D2,anti,,2,fit,1000,0.76,0.7417,0.7784,0.0,0.0,0.0038,1000,0.044
D1,imitate,0.05,2,fit,3000,0.7078,0.6884,0.7271,0.272,0.2453,0.3004,1000,0.048
D1,imitate,0.1,2,fit,3000,0.9994,0.9983,1.0,0.996,0.9898,0.9984,1000,0.048
D1,imitate,0.2,2,fit,3000,1.0,1.0,1.0,1.0,0.9962,1.0,1000,0.048
D1,mix,0.05,2,fit,3000,0.7094,0.69,0.7287,0.275,0.2482,0.3035,1000,0.048
D1,mix,0.1,2,fit,3000,0.9404,0.9301,0.9508,0.81,0.7845,0.8331,1000,0.048
D1,mix,0.2,2,fit,3000,0.9862,0.981,0.9913,0.931,0.9136,0.9451,1000,0.048
D1,anti,,2,fit,3000,0.8999,0.8867,0.913,0.807,0.7814,0.8303,1000,0.048
D2,imitate,0.05,2,fit,3000,0.4817,0.4564,0.507,0.097,0.0802,0.1169,1000,0.0525
D2,imitate,0.1,2,fit,3000,0.4658,0.4406,0.491,0.068,0.054,0.0853,1000,0.0525
D2,imitate,0.2,2,fit,3000,0.8599,0.8435,0.8764,0.0,0.0,0.0038,1000,0.0525
D2,mix,0.05,2,fit,3000,0.5146,0.4893,0.5399,0.019,0.0122,0.0295,1000,0.0525
D2,mix,0.1,2,fit,3000,0.7096,0.6871,0.7322,0.0,0.0,0.0038,1000,0.0525
D2,mix,0.2,2,fit,3000,0.9968,0.9943,0.9993,0.0,0.0,0.0038,1000,0.0525
D2,anti,,2,fit,3000,0.761,0.7427,0.7793,0.0,0.0,0.0038,1000,0.0525
D1,imitate,0.05,2,fit,10000,0.9006,0.8876,0.9137,0.624,0.5936,0.6535,1000,0.0508
D1,imitate,0.1,2,fit,10000,1.0,1.0,1.0,1.0,0.9962,1.0,1000,0.0508
D1,imitate,0.2,2,fit,10000,1.0,1.0,1.0,1.0,0.9962,1.0,1000,0.0508
D1,mix,0.05,2,fit,10000,0.8271,0.8107,0.8435,0.576,0.5451,0.6063,1000,0.0508
D1,mix,0.1,2,fit,10000,0.9906,0.9863,0.9948,0.964,0.9506,0.9739,1000,0.0508
D1,mix,0.2,2,fit,10000,1.0,0.9997,1.0,1.0,0.9962,1.0,1000,0.0508
D1,anti,,2,fit,10000,0.8989,0.8857,0.912,0.812,0.7866,0.835,1000,0.0508
D2,imitate,0.05,2,fit,10000,0.4757,0.4504,0.501,0.111,0.093,0.132,1000,0.054
D2,imitate,0.1,2,fit,10000,0.4369,0.4119,0.462,0.08,0.0647,0.0985,1000,0.054
D2,imitate,0.2,2,fit,10000,0.8765,0.861,0.892,0.0,0.0,0.0038,1000,0.054
D2,mix,0.05,2,fit,10000,0.499,0.4737,0.5243,0.008,0.0041,0.0157,1000,0.054
D2,mix,0.1,2,fit,10000,0.7495,0.7282,0.7708,0.0,0.0,0.0038,1000,0.054
D2,mix,0.2,2,fit,10000,0.9998,0.9993,1.0,0.0,0.0,0.0038,1000,0.054
D2,anti,,2,fit,10000,0.7631,0.7449,0.7814,0.0,0.0,0.0038,1000,0.054
