episode,agent_steps,elapsed_s,nash_conv,exploitability,sl_loss_p0,sl_loss_p1,rl_loss_p0,rl_loss_p1
10000,22573,4.3,0.79011,0.395055,0.48891,,1.143683,1.058705
20000,44541,9.4,0.531394,0.265697,0.304671,0.337792,1.132831,1.117085
30000,66253,14.5,0.465027,0.232514,0.275153,0.245233,0.93187,0.808031
40000,87693,19.8,0.442072,0.221036,0.355624,0.224519,1.12766,0.960937
50000,109501,25.2,0.409592,0.204796,0.489302,0.170537,1.000612,0.863874
60000,132093,31.1,0.352319,0.17616,0.535603,0.222861,1.289412,0.654135
70000,155099,37.2,0.319422,0.159711,0.487645,0.134247,0.885535,0.97941
80000,178165,43.0,0.297835,0.148918,0.466617,0.200314,0.774276,1.007107
90000,201481,48.9,0.291115,0.145558,0.467489,0.195916,1.162045,1.096657
100000,225012,54.9,0.292242,0.146121,0.499754,0.181746,1.048028,0.754797
110000,248689,61.0,0.294984,0.147492,0.45524,0.12895,0.845006,0.825582
120000,272329,67.5,0.297549,0.148775,0.450916,0.188591,0.664244,0.749777
130000,295976,74.3,0.293186,0.146593,0.35985,0.192068,1.063681,0.919894
140000,319708,81.2,0.288398,0.144199,0.466094,0.19063,0.792324,0.952279
150000,343504,88.7,0.280499,0.14025,0.439207,0.149481,0.71489,0.729947
160000,367284,95.8,0.273291,0.136645,0.427511,0.099029,0.865107,0.871559
170000,391317,102.9,0.260056,0.130028,0.419066,0.191425,0.777502,0.619564
180000,415441,110.2,0.253318,0.126659,0.498957,0.270038,0.543911,0.516095
190000,439729,117.5,0.259283,0.129642,0.418602,0.191243,0.886889,0.574537
200000,464050,125.0,0.257709,0.128854,0.437977,0.128134,0.514373,0.871296
210000,488490,132.3,0.267161,0.133581,0.433212,0.197072,0.670979,0.976294
220000,512832,139.7,0.268653,0.134327,0.40145,0.189642,0.384896,0.660718
230000,537457,147.3,0.273981,0.13699,0.458244,0.297767,0.418849,0.747742
240000,561941,154.6,0.277169,0.138585,0.383384,0.250344,0.618586,0.454512
250000,586536,161.9,0.281566,0.140783,0.493253,0.17624,0.373681,0.437037
260000,611134,169.2,0.287014,0.143507,0.443958,0.247466,0.611809,0.58758
270000,635929,176.4,0.288825,0.144413,0.442091,0.229449,0.409439,0.694626
280000,660702,183.8,0.296511,0.148256,0.397582,0.234832,0.317406,0.506856
290000,685503,191.9,0.295872,0.147936,0.543452,0.226117,0.480076,0.673247
300000,710445,199.3,0.297716,0.148858,0.472176,0.15391,0.294417,0.286097
310000,735278,206.8,0.300501,0.15025,0.366409,0.19277,0.47043,0.598376
320000,760360,214.4,0.304616,0.152308,0.434141,0.258697,0.563255,0.612296
330000,785454,221.8,0.303304,0.151652,0.44427,0.315429,0.332617,0.472948
340000,810575,229.0,0.300554,0.150277,0.474092,0.355095,0.649621,0.641055
350000,835751,236.3,0.292721,0.14636,0.442233,0.204397,0.597199,0.596008
360000,861015,243.6,0.282675,0.141338,0.440545,0.385229,0.402059,0.807814
370000,886189,250.9,0.274755,0.137378,0.419586,0.318868,0.35745,0.814287
380000,911354,258.1,0.268683,0.134342,0.482225,0.341318,0.305346,0.804247
390000,936618,265.4,0.258295,0.129147,0.507016,0.402717,0.506068,0.665828
400000,961946,273.0,0.249407,0.124703,0.371711,0.310623,0.686914,0.478479
410000,987280,280.7,0.241658,0.120829,0.43344,0.418057,0.5953,0.577034
420000,1012616,287.9,0.230985,0.115492,0.401622,0.336529,0.311068,0.669572
430000,1037935,295.0,0.235921,0.117961,0.424505,0.401363,0.471034,0.726728
440000,1063437,302.4,0.243238,0.121619,0.444918,0.411905,0.377534,0.61018
450000,1088783,309.7,0.243435,0.121717,0.374113,0.469079,0.370217,0.786784
460000,1114199,317.0,0.250339,0.12517,0.415459,0.377103,0.250082,0.674171
470000,1139632,324.3,0.246223,0.123111,0.383013,0.442718,0.331268,0.611361
480000,1165064,331.7,0.24403,0.122015,0.43353,0.427068,0.484655,0.645334
490000,1190491,339.5,0.237832,0.118916,0.412806,0.395823,0.391375,0.85941
500000,1216037,347.2,0.234704,0.117352,0.412966,0.420182,0.196204,0.669194
510000,1241558,355.0,0.225941,0.112971,0.387668,0.450526,0.370557,0.642751
520000,1267167,362.9,0.22487,0.112435,0.383522,0.457114,0.428241,1.006452
530000,1292765,370.7,0.218548,0.109274,0.473972,0.501168,0.523551,0.763377
540000,1318372,378.4,0.218741,0.10937,0.387619,0.40163,0.583435,0.719151
550000,1344054,386.2,0.210126,0.105063,0.356448,0.439008,0.426783,0.688722
560000,1369681,394.1,0.216483,0.108242,0.504435,0.391622,0.413998,0.779198
570000,1395205,402.0,0.19987,0.099935,0.387803,0.361603,0.352859,1.065676
580000,1420942,409.6,0.20185,0.100925,0.408689,0.372656,0.433206,0.809778
590000,1446646,417.3,0.198643,0.099322,0.371723,0.378468,0.407786,0.941326
600000,1472326,425.2,0.200015,0.100008,0.37709,0.416113,0.521532,0.818276
610000,1498109,432.9,0.203257,0.101628,0.352141,0.369124,0.368628,0.579123
620000,1523829,440.5,0.207029,0.103514,0.353551,0.464345,0.359261,0.720342
630000,1549613,448.2,0.205782,0.102891,0.372559,0.383365,0.596259,0.815016
640000,1575335,455.9,0.211074,0.105537,0.404572,0.420387,0.53199,0.984564
650000,1601009,463.8,0.211825,0.105912,0.28651,0.420702,0.553341,0.901083
660000,1626564,471.3,0.202261,0.10113,0.349181,0.404413,0.459815,0.990458
670000,1652116,478.8,0.213806,0.106903,0.410599,0.471143,0.349535,0.8262
680000,1677551,486.9,0.213257,0.106628,0.438447,0.393603,0.510392,0.883144
690000,1703019,494.4,0.200777,0.100388,0.382349,0.398438,0.360443,0.743474
700000,1728429,502.0,0.204584,0.102292,0.310113,0.356646,0.538581,0.876044
710000,1753687,509.6,0.193597,0.096799,0.362063,0.456931,0.542794,0.675113
720000,1778995,517.3,0.196906,0.098453,0.328044,0.462093,0.479744,0.826465
730000,1804269,524.8,0.181127,0.090563,0.360099,0.469562,0.172868,0.880793
740000,1829509,532.4,0.188817,0.094408,0.368982,0.456648,0.533482,0.929333
750000,1854706,539.9,0.177224,0.088612,0.435646,0.386491,0.52327,0.790523
760000,1879922,547.4,0.173167,0.086583,0.347502,0.476649,0.706807,0.767997
770000,1905104,554.8,0.175636,0.087818,0.414566,0.381112,0.647625,0.533471
780000,1930202,562.4,0.174581,0.087291,0.507971,0.425331,0.467624,0.908666
790000,1955304,569.8,0.169627,0.084814,0.362045,0.370237,0.260876,0.641921
800000,1980346,577.3,0.166791,0.083395,0.410572,0.419994,0.696727,0.691208
810000,2005388,584.8,0.158559,0.07928,0.367442,0.401267,0.411204,0.735851
820000,2030437,592.5,0.156838,0.078419,0.434668,0.328104,0.535445,0.825028
830000,2055383,600.0,0.154681,0.07734,0.404555,0.456223,0.412801,0.663805
840000,2080352,607.6,0.1576,0.0788,0.329515,0.417614,0.755519,0.881635
850000,2105268,615.2,0.146481,0.07324,0.371121,0.411666,0.606935,0.744137
860000,2130113,622.9,0.150232,0.075116,0.297917,0.364884,0.458896,0.581436
870000,2154917,630.4,0.148784,0.074392,0.297554,0.472891,0.510244,0.700394
880000,2179752,638.1,0.149681,0.074841,0.368064,0.331571,0.480638,0.719011
890000,2204659,645.6,0.143757,0.071879,0.358827,0.378531,0.635978,0.668863
900000,2229529,653.6,0.143183,0.071592,0.374767,0.416864,0.651096,0.688142
910000,2254349,661.4,0.134194,0.067097,0.403345,0.377308,0.591652,0.825282
920000,2279020,669.3,0.142592,0.071296,0.355666,0.395991,0.662401,0.696819
930000,2303753,677.4,0.126947,0.063474,0.29485,0.420019,0.532921,0.747977
940000,2328286,685.7,0.121938,0.060969,0.317253,0.362468,0.47747,0.374889
950000,2352778,693.8,0.128762,0.064381,0.383893,0.354608,0.743931,0.755227
960000,2377226,701.9,0.12966,0.06483,0.402528,0.405649,0.51737,0.420807
970000,2401760,710.3,0.129593,0.064796,0.31382,0.364086,0.524784,0.729784
980000,2426225,719.1,0.138676,0.069338,0.449544,0.363905,0.549869,0.642827
990000,2450558,727.7,0.126626,0.063313,0.371383,0.368599,0.848667,0.583772
1000000,2474942,736.5,0.13172,0.06586,0.40262,0.336549,0.696056,0.558727
1010000,2499228,745.5,0.126898,0.063449,0.469085,0.423941,0.796632,0.657702
1020000,2523544,754.6,0.133211,0.066606,0.407631,0.398911,0.814489,0.734044
1030000,2547998,764.1,0.132556,0.066278,0.390909,0.289293,0.737378,0.924565
1040000,2572403,773.3,0.142334,0.071167,0.438135,0.379176,0.725959,0.675021
1050000,2596720,782.8,0.129051,0.064525,0.360569,0.411318,0.6475,0.705148
1060000,2621051,792.1,0.133993,0.066997,0.410049,0.40352,0.413279,0.629133
1070000,2645440,800.8,0.134162,0.067081,0.330235,0.353066,0.856035,0.542154
1080000,2669793,809.3,0.134957,0.067479,0.456605,0.399918,0.710971,0.704262
1090000,2694084,818.0,0.134681,0.067341,0.327289,0.409481,0.673637,0.648688
1100000,2718350,826.7,0.140593,0.070297,0.380335,0.318421,0.623873,0.726322
1110000,2742698,835.2,0.136745,0.068372,0.409941,0.435791,0.592081,0.697878
1120000,2767078,844.0,0.122811,0.061406,0.42036,0.437596,0.590852,0.604014
1130000,2791372,852.4,0.124854,0.062427,0.289221,0.384831,0.566999,0.562279
1140000,2815668,861.0,0.12329,0.061645,0.442852,0.444771,0.559626,0.514072
1150000,2840080,869.5,0.123758,0.061879,0.302738,0.363066,0.781754,0.767386
1160000,2864376,877.9,0.121922,0.060961,0.427746,0.390749,0.405137,0.832988
1170000,2888676,886.1,0.118866,0.059433,0.345065,0.327577,0.617993,0.66109
1180000,2912933,894.8,0.123352,0.061676,0.407765,0.389498,0.78185,0.774001
1190000,2937215,903.4,0.119185,0.059592,0.444305,0.401788,0.549262,0.718396
1200000,2961262,911.9,0.115836,0.057918,0.343731,0.387349,0.632324,0.726367
1210000,2985536,920.5,0.11488,0.05744,0.386048,0.385389,0.39565,0.758173
1220000,3009683,928.8,0.111296,0.055648,0.401204,0.374915,0.77533,0.597403
1230000,3033816,937.0,0.1127,0.05635,0.362043,0.332105,0.403323,0.580485
1240000,3057926,945.7,0.111074,0.055537,0.416846,0.355561,0.608554,0.665458
1250000,3082068,954.5,0.110071,0.055036,0.314717,0.431289,0.387815,0.684284
1260000,3106138,963.4,0.11508,0.05754,0.367356,0.338064,0.608621,0.834009
1270000,3130174,972.7,0.114931,0.057465,0.408408,0.392186,0.780568,0.54085
1280000,3154263,981.4,0.106354,0.053177,0.404638,0.326021,0.635678,0.787391
1290000,3178413,990.1,0.107552,0.053776,0.299679,0.338741,0.479028,0.650117
1300000,3202381,998.8,0.10878,0.05439,0.39867,0.35705,0.661758,0.67445
1310000,3226427,1007.4,0.108812,0.054406,0.398327,0.367836,0.598849,0.729151
1320000,3250564,1015.9,0.102335,0.051168,0.398473,0.361176,0.558123,0.783162
1330000,3274574,1024.6,0.113092,0.056546,0.456718,0.402998,0.495831,0.623897
1340000,3298535,1033.6,0.105482,0.052741,0.393445,0.421391,0.442197,0.48049
1350000,3322540,1042.1,0.103951,0.051976,0.335685,0.415003,0.523849,0.821807
1360000,3346577,1050.6,0.102771,0.051386,0.371723,0.34084,0.632989,0.580717
1370000,3370623,1059.2,0.10019,0.050095,0.383337,0.336907,0.558309,0.562899
1380000,3394537,1067.6,0.102689,0.051344,0.382211,0.341586,0.462114,0.80303
1390000,3418554,1076.0,0.103015,0.051507,0.395086,0.320541,0.545416,0.733838
1400000,3442488,1084.7,0.096982,0.048491,0.416903,0.365726,0.576532,0.572882
1410000,3466385,1093.1,0.104199,0.0521,0.322782,0.295771,0.619714,0.555839
1420000,3490392,1102.0,0.102575,0.051288,0.370595,0.384369,0.613498,0.521083
1430000,3514337,1110.5,0.099418,0.049709,0.442004,0.291455,0.493254,0.785271
1440000,3538230,1118.9,0.090094,0.045047,0.466309,0.375839,0.602368,0.511956
1450000,3562207,1127.5,0.098924,0.049462,0.274289,0.404903,0.553538,0.43714
1460000,3586124,1135.6,0.101675,0.050838,0.445157,0.404904,0.417397,0.550983
1470000,3610016,1143.9,0.09819,0.049095,0.396617,0.39499,0.499923,0.460689
1480000,3634012,1152.2,0.095687,0.047843,0.443504,0.421752,0.630758,0.492288
1490000,3657874,1160.8,0.098023,0.049011,0.354747,0.329587,0.74869,0.534226
1500000,3681704,1169.0,0.091029,0.045514,0.413313,0.300081,0.388518,0.583848
1510000,3705629,1177.2,0.093837,0.046919,0.397285,0.401173,0.371329,0.506718
1520000,3729537,1185.5,0.091557,0.045779,0.367703,0.336297,0.626783,0.580389
1530000,3753387,1193.9,0.088933,0.044466,0.349501,0.27714,0.593102,0.478752
1540000,3777216,1202.7,0.088821,0.044411,0.488264,0.2897,0.50238,0.521631
1550000,3801155,1211.7,0.095343,0.047672,0.386852,0.416908,0.811952,0.602379
1560000,3825025,1220.9,0.092765,0.046383,0.385394,0.3684,0.549444,0.521983
1570000,3848827,1230.7,0.08664,0.04332,0.468237,0.334593,0.347603,0.646512
1580000,3872712,1240.3,0.089414,0.044707,0.377254,0.357659,0.537911,0.66931
1590000,3896490,1249.7,0.093704,0.046852,0.382788,0.336285,0.33693,0.426117
1600000,3920273,1259.6,0.087284,0.043642,0.424635,0.356599,0.785074,0.572255
1610000,3944218,1269.4,0.090819,0.04541,0.337234,0.315338,0.633781,0.625824
1620000,3968063,1279.2,0.080998,0.040499,0.402455,0.349449,0.469772,0.889157
1630000,3991879,1289.2,0.085921,0.04296,0.470241,0.354152,0.501361,0.658098
1640000,4015687,1298.8,0.085646,0.042823,0.425848,0.38983,0.505479,0.547907
1650000,4039603,1308.6,0.087168,0.043584,0.441107,0.283929,0.565791,0.628085
1660000,4063512,1318.4,0.087666,0.043833,0.382386,0.327285,0.465868,0.615507
1670000,4087493,1328.3,0.081632,0.040816,0.413725,0.329741,0.417853,0.582827
1680000,4111380,1338.2,0.079469,0.039735,0.379334,0.258271,0.31122,0.833437
1690000,4135356,1348.2,0.083374,0.041687,0.35582,0.333603,0.399215,0.505877
1700000,4159333,1358.3,0.078001,0.039001,0.39108,0.338652,0.308702,0.601893
1710000,4183365,1368.2,0.079514,0.039757,0.379306,0.37453,0.355692,0.548645
1720000,4207340,1377.7,0.078428,0.039214,0.392512,0.283765,0.568005,0.558039
1730000,4231345,1387.6,0.073488,0.036744,0.470324,0.306956,0.365872,0.596946
1740000,4255294,1396.9,0.070189,0.035094,0.430813,0.39997,0.632312,0.475121
1750000,4279300,1406.1,0.070996,0.035498,0.315316,0.29628,0.531597,0.455251
1760000,4303316,1416.0,0.065361,0.032681,0.414874,0.352204,0.503583,0.496996
1770000,4327436,1425.2,0.072722,0.036361,0.450447,0.313167,0.665237,0.403893
1780000,4351512,1434.5,0.071445,0.035723,0.390709,0.418312,0.653194,0.430621
1790000,4375756,1443.7,0.064832,0.032416,0.411614,0.343918,0.794912,0.653396
1800000,4399892,1453.0,0.05911,0.029555,0.393735,0.311752,0.606573,0.462086
1810000,4424096,1462.1,0.061303,0.030651,0.466169,0.369447,0.409257,0.908941
1820000,4448190,1471.3,0.06345,0.031725,0.412982,0.333003,0.61344,0.664382
1830000,4472327,1480.7,0.055918,0.027959,0.345974,0.324054,0.483895,0.537327
1840000,4496600,1489.8,0.052304,0.026152,0.441017,0.32575,0.579436,0.478704
1850000,4520785,1499.0,0.064615,0.032308,0.401195,0.30565,0.366772,0.628063
1860000,4545008,1508.3,0.065001,0.032501,0.300859,0.332703,0.39435,0.556497
1870000,4569273,1517.4,0.048742,0.024371,0.376117,0.31546,0.555597,0.550236
1880000,4593434,1526.6,0.060759,0.030379,0.40048,0.361838,0.718102,0.698754
1890000,4617633,1535.6,0.051697,0.025848,0.409223,0.35567,0.60601,0.706127
1900000,4641846,1544.8,0.050334,0.025167,0.352224,0.395343,0.570942,0.583861
1910000,4666122,1553.9,0.055697,0.027849,0.368803,0.347748,0.42916,0.501786
1920000,4690197,1563.0,0.047318,0.023659,0.392732,0.423653,0.442097,0.700789
1930000,4714346,1572.1,0.048228,0.024114,0.426796,0.348129,0.692298,0.737252
1940000,4738417,1581.1,0.045219,0.022609,0.311598,0.343588,0.476696,0.664612
1950000,4762356,1590.0,0.048929,0.024465,0.370669,0.381563,0.628279,0.558902
1960000,4786505,1599.0,0.042229,0.021114,0.356469,0.309213,0.536734,0.641286
1970000,4810555,1608.2,0.043769,0.021885,0.407665,0.392544,0.536126,0.656265
1980000,4834589,1617.1,0.03918,0.01959,0.39384,0.34335,0.639843,0.675175
1990000,4858623,1626.0,0.040918,0.020459,0.377814,0.354966,0.464331,0.859223
2000000,4882719,1635.1,0.047739,0.023869,0.323564,0.410836,0.593396,0.639032
2010000,4906721,1643.9,0.041529,0.020765,0.396917,0.404171,0.627137,0.581175
2020000,4930637,1653.2,0.038926,0.019463,0.368889,0.334716,0.416381,0.597813
2030000,4954682,1662.7,0.038081,0.019041,0.348699,0.367135,0.59846,0.504516
2040000,4978740,1672.3,0.0388,0.0194,0.470725,0.313209,0.450055,0.424021
2050000,5002662,1682.3,0.04193,0.020965,0.42538,0.353001,0.506257,0.620549
2060000,5026599,1692.6,0.037446,0.018723,0.483027,0.343973,0.477103,0.56692
2070000,5050562,1705.0,0.042295,0.021147,0.406143,0.327149,0.678595,0.65022
2080000,5074396,1718.9,0.038544,0.019272,0.38968,0.433683,0.524529,0.513064
2090000,5098253,1732.7,0.046038,0.023019,0.391468,0.312635,0.514343,0.462327
2100000,5122115,1744.8,0.040488,0.020244,0.387241,0.335,0.434343,0.586781
2110000,5146047,1755.2,0.042861,0.021431,0.348955,0.262685,0.638356,0.821193
2120000,5169946,1765.6,0.040197,0.020099,0.424194,0.373068,0.517808,0.708801
2130000,5193737,1776.1,0.037233,0.018616,0.451877,0.356631,0.624738,0.751419
2140000,5217641,1786.6,0.040185,0.020092,0.370393,0.314697,0.620565,0.436806
2150000,5241537,1797.5,0.042555,0.021278,0.41195,0.33162,0.290658,0.675926
2160000,5265491,1808.4,0.04388,0.02194,0.460885,0.372131,0.509817,0.532143
2170000,5289243,1819.7,0.042601,0.021301,0.435602,0.299492,0.509119,0.663212
2180000,5313184,1830.0,0.039244,0.019622,0.46497,0.324423,0.848877,0.530394
2190000,5337113,1840.0,0.040953,0.020477,0.420611,0.383503,0.607968,0.542384
2200000,5360981,1849.9,0.04782,0.02391,0.391521,0.392319,0.64764,0.745853
2210000,5384967,1860.2,0.044865,0.022432,0.379857,0.326377,0.659753,0.619054
2220000,5408922,1870.1,0.04062,0.02031,0.439506,0.317992,0.635461,0.535526
2230000,5433030,1880.0,0.042415,0.021208,0.44995,0.310753,0.624625,0.563502
2240000,5457137,1890.0,0.045424,0.022712,0.519511,0.387184,0.765966,0.472422
2250000,5481225,1899.8,0.044872,0.022436,0.346281,0.3078,0.323133,0.699059
2260000,5505375,1909.6,0.048918,0.024459,0.437053,0.330591,0.638242,0.62392
2270000,5529514,1919.4,0.043622,0.021811,0.331779,0.339506,0.461712,0.720769
2280000,5553696,1929.4,0.042204,0.021102,0.474188,0.271818,0.405264,0.512715
2290000,5577798,1939.1,0.047102,0.023551,0.545952,0.398581,0.600168,0.796044
2300000,5601946,1948.7,0.040247,0.020124,0.426098,0.330703,0.504974,0.512957
2310000,5626066,1957.9,0.050832,0.025416,0.469209,0.302507,0.615532,0.589964
2320000,5650193,1967.2,0.049367,0.024683,0.4622,0.39915,0.734438,0.507493
2330000,5674325,1976.7,0.04344,0.02172,0.390396,0.328524,0.44461,0.707885
2340000,5698600,1986.5,0.04257,0.021285,0.430345,0.29709,0.656955,0.58014
2350000,5722782,1995.8,0.043335,0.021668,0.35869,0.40174,0.553922,0.537775
2360000,5746992,2005.0,0.046226,0.023113,0.38579,0.324088,0.51127,0.561277
2370000,5771319,2015.6,0.042,0.021,0.363119,0.324013,0.673686,0.551317
2380000,5795503,2024.9,0.049024,0.024512,0.390842,0.287901,0.494924,0.798486
2390000,5819664,2034.1,0.042183,0.021091,0.435174,0.375743,0.538006,0.543315
2400000,5843888,2043.7,0.0499,0.02495,0.46465,0.329398,0.650004,0.61025
2410000,5868035,2053.3,0.039046,0.019523,0.406827,0.363308,0.451301,0.676774
2420000,5892142,2062.5,0.044772,0.022386,0.378353,0.399912,0.664525,0.650146
2430000,5916185,2071.9,0.046376,0.023188,0.427179,0.27996,0.368305,0.68141
2440000,5940229,2081.7,0.046128,0.023064,0.349911,0.314772,0.405074,0.620756
2450000,5964249,2091.9,0.044802,0.022401,0.379227,0.330826,0.53348,0.507055
2460000,5988163,2101.7,0.040292,0.020146,0.362295,0.300643,0.651368,0.603276
2470000,6012162,2111.4,0.037729,0.018865,0.374854,0.335688,0.41166,0.661569
2480000,6036226,2121.3,0.041215,0.020608,0.472248,0.347415,0.469159,0.696817
2490000,6060169,2130.8,0.042239,0.02112,0.396102,0.388297,0.643676,0.692524
2500000,6084084,2140.1,0.041613,0.020807,0.436123,0.323815,0.574183,0.460869
2510000,6107881,2149.4,0.038676,0.019338,0.452962,0.400908,0.470968,0.633395
2520000,6131843,2158.8,0.035222,0.017611,0.362253,0.274981,0.399147,0.772398
2530000,6155772,2168.1,0.041558,0.020779,0.395943,0.356308,0.452714,0.542809
2540000,6179611,2177.7,0.035042,0.017521,0.431505,0.395944,0.692556,0.402614
2550000,6203501,2187.0,0.035754,0.017877,0.383676,0.368775,0.645308,0.517308
2560000,6227383,2196.2,0.044586,0.022293,0.420446,0.419196,0.535603,0.568253
2570000,6251266,2205.5,0.039186,0.019593,0.428943,0.33036,0.395274,0.516412
2580000,6275244,2214.7,0.039966,0.019983,0.388388,0.354668,0.465237,0.564734
2590000,6299030,2223.9,0.038194,0.019097,0.391561,0.363709,0.396498,0.518768
2600000,6322866,2233.1,0.037337,0.018669,0.448497,0.317445,0.474774,0.590991
2610000,6346774,2242.5,0.036053,0.018026,0.409305,0.439781,0.578817,0.753788
2620000,6370577,2251.6,0.032296,0.016148,0.372809,0.324281,0.607022,0.693077
2630000,6394511,2260.7,0.033591,0.016796,0.452766,0.364787,0.497065,0.619663
2640000,6418465,2269.8,0.033474,0.016737,0.469947,0.363174,0.521965,0.688083
2650000,6442396,2278.9,0.038371,0.019185,0.395796,0.381613,0.475436,0.544029
2660000,6466415,2288.5,0.035532,0.017766,0.486703,0.353007,0.543715,0.542201
2670000,6490278,2298.1,0.038726,0.019363,0.469867,0.286148,0.515023,0.570943
2680000,6514166,2308.1,0.036323,0.018162,0.39109,0.348684,0.513924,0.598167
2690000,6538113,2317.6,0.034255,0.017127,0.333433,0.319115,0.512407,0.685216
2700000,6562033,2327.3,0.036755,0.018377,0.411205,0.413188,0.387979,0.566257
2710000,6585858,2337.3,0.033913,0.016957,0.350172,0.317798,0.754011,0.420118
2720000,6609925,2348.9,0.036914,0.018457,0.465247,0.383121,0.573838,0.609374
2730000,6633768,2360.7,0.037589,0.018795,0.384025,0.327181,0.442349,0.850841
2740000,6657915,2373.3,0.040147,0.020073,0.432878,0.387741,0.510546,0.569221
2750000,6682062,2384.3,0.03644,0.01822,0.420299,0.356797,0.580895,0.517917
2760000,6706078,2395.9,0.039038,0.019519,0.433139,0.396991,0.673504,0.670596
2770000,6730094,2405.7,0.038831,0.019415,0.419695,0.29706,0.754667,0.494921
2780000,6754108,2415.6,0.040559,0.02028,0.402827,0.348853,0.649358,0.39144
2790000,6778172,2425.8,0.03694,0.01847,0.38631,0.342737,0.445835,0.568106
2800000,6802204,2436.5,0.035379,0.01769,0.455232,0.371637,0.720179,0.471913
2810000,6826185,2447.4,0.033991,0.016996,0.411377,0.405316,0.586254,0.468578
2820000,6850245,2458.1,0.043753,0.021877,0.564019,0.388303,0.747183,0.486925
2830000,6874240,2469.2,0.037152,0.018576,0.423327,0.346041,0.702394,0.84016
2840000,6898210,2480.7,0.034861,0.01743,0.352559,0.435479,0.694694,0.500159
2850000,6922187,2492.1,0.03744,0.01872,0.33711,0.32227,0.64053,0.348622
2860000,6946131,2503.9,0.036986,0.018493,0.411742,0.307631,0.511433,0.645839
2870000,6970192,2515.3,0.034066,0.017033,0.368163,0.314134,0.671983,0.444144
2880000,6994212,2526.7,0.039704,0.019852,0.377788,0.357442,0.443309,0.565285
2890000,7018122,2537.5,0.040094,0.020047,0.438501,0.400586,0.598289,0.62215
2900000,7041949,2548.6,0.038021,0.01901,0.396176,0.335355,0.576062,0.592116
2910000,7065777,2559.6,0.034225,0.017112,0.411394,0.324623,0.512689,0.56173
2920000,7089521,2570.2,0.041348,0.020674,0.384434,0.353408,0.401991,0.39067
2930000,7113361,2580.8,0.035489,0.017744,0.397978,0.359464,0.623455,0.633507
2940000,7137212,2591.4,0.035552,0.017776,0.392043,0.313443,0.385749,0.656734
2950000,7160987,2601.9,0.027906,0.013953,0.491907,0.325675,0.691168,0.640797
2960000,7184781,2612.3,0.038325,0.019162,0.411794,0.349365,0.668812,0.794949
2970000,7208633,2623.2,0.032945,0.016473,0.403682,0.294308,0.448754,0.473949
2980000,7232571,2633.7,0.030975,0.015488,0.416101,0.341713,0.749414,0.543066
2990000,7256292,2644.1,0.028414,0.014207,0.451135,0.322641,0.593509,0.707449
3000000,7280167,2654.3,0.03555,0.017775,0.433908,0.378758,0.511197,0.498412
